rowCode,label,amount,company_name,source_url,amount as of تاریخ نامشخص
49.0,عمليات در حال تداوم:,,قند تربت حيدريه,https://codal.ir/Reports/Decision.aspx?LetterSerial=3X1kzUCmCRD2Z8z18WknCA%3d%3d&rt=0&let=6&ct=0&ft=-1&sheetId=1,
3.0,درآمدهاي عملياتي,16420163.0,قند تربت حيدريه,https://codal.ir/Reports/Decision.aspx?LetterSerial=3X1kzUCmCRD2Z8z18WknCA%3d%3d&rt=0&let=6&ct=0&ft=-1&sheetId=1,
4.0,بهاى تمام شده درآمدهاي عملياتي,-15258131.0,قند تربت حيدريه,https://codal.ir/Reports/Decision.aspx?LetterSerial=3X1kzUCmCRD2Z8z18WknCA%3d%3d&rt=0&let=6&ct=0&ft=-1&sheetId=1,
5.0,سود(زيان) ناخالص,1162032.0,قند تربت حيدريه,https://codal.ir/Reports/Decision.aspx?LetterSerial=3X1kzUCmCRD2Z8z18WknCA%3d%3d&rt=0&let=6&ct=0&ft=-1&sheetId=1,
6.0,هزينه‏ هاى فروش، ادارى و عمومى,-423074.0,قند تربت حيدريه,https://codal.ir/Reports/Decision.aspx?LetterSerial=3X1kzUCmCRD2Z8z18WknCA%3d%3d&rt=0&let=6&ct=0&ft=-1&sheetId=1,
44.0,هزينه کاهش ارزش دريافتني‏ ها (هزينه استثنايي),0.0,قند تربت حيدريه,https://codal.ir/Reports/Decision.aspx?LetterSerial=3X1kzUCmCRD2Z8z18WknCA%3d%3d&rt=0&let=6&ct=0&ft=-1&sheetId=1,
7.0,ساير درآمدها,680995.0,قند تربت حيدريه,https://codal.ir/Reports/Decision.aspx?LetterSerial=3X1kzUCmCRD2Z8z18WknCA%3d%3d&rt=0&let=6&ct=0&ft=-1&sheetId=1,
8.0,ساير هزينه‌ها,-36236.0,قند تربت حيدريه,https://codal.ir/Reports/Decision.aspx?LetterSerial=3X1kzUCmCRD2Z8z18WknCA%3d%3d&rt=0&let=6&ct=0&ft=-1&sheetId=1,
9.0,سود(زيان) عملياتى,1383717.0,قند تربت حيدريه,https://codal.ir/Reports/Decision.aspx?LetterSerial=3X1kzUCmCRD2Z8z18WknCA%3d%3d&rt=0&let=6&ct=0&ft=-1&sheetId=1,
10.0,هزينه‏ هاى مالى,-281430.0,قند تربت حيدريه,https://codal.ir/Reports/Decision.aspx?LetterSerial=3X1kzUCmCRD2Z8z18WknCA%3d%3d&rt=0&let=6&ct=0&ft=-1&sheetId=1,
52.0,ساير درآمدها و هزينه ‏هاى غيرعملياتى,253046.0,قند تربت حيدريه,https://codal.ir/Reports/Decision.aspx?LetterSerial=3X1kzUCmCRD2Z8z18WknCA%3d%3d&rt=0&let=6&ct=0&ft=-1&sheetId=1,
13.0,سود(زيان) عمليات در حال تداوم قبل از ماليات,1355333.0,قند تربت حيدريه,https://codal.ir/Reports/Decision.aspx?LetterSerial=3X1kzUCmCRD2Z8z18WknCA%3d%3d&rt=0&let=6&ct=0&ft=-1&sheetId=1,
50.0,هزينه ماليات بر درآمد:,,قند تربت حيدريه,https://codal.ir/Reports/Decision.aspx?LetterSerial=3X1kzUCmCRD2Z8z18WknCA%3d%3d&rt=0&let=6&ct=0&ft=-1&sheetId=1,
45.0,سال جاري,-316673.0,قند تربت حيدريه,https://codal.ir/Reports/Decision.aspx?LetterSerial=3X1kzUCmCRD2Z8z18WknCA%3d%3d&rt=0&let=6&ct=0&ft=-1&sheetId=1,
46.0,سال‌هاي قبل,0.0,قند تربت حيدريه,https://codal.ir/Reports/Decision.aspx?LetterSerial=3X1kzUCmCRD2Z8z18WknCA%3d%3d&rt=0&let=6&ct=0&ft=-1&sheetId=1,
15.0,سود(زيان) خالص عمليات در حال تداوم,1038660.0,قند تربت حيدريه,https://codal.ir/Reports/Decision.aspx?LetterSerial=3X1kzUCmCRD2Z8z18WknCA%3d%3d&rt=0&let=6&ct=0&ft=-1&sheetId=1,
51.0,عمليات متوقف شده:,,قند تربت حيدريه,https://codal.ir/Reports/Decision.aspx?LetterSerial=3X1kzUCmCRD2Z8z18WknCA%3d%3d&rt=0&let=6&ct=0&ft=-1&sheetId=1,
21.0,سود (زيان) خالص عمليات متوقف شده,0.0,قند تربت حيدريه,https://codal.ir/Reports/Decision.aspx?LetterSerial=3X1kzUCmCRD2Z8z18WknCA%3d%3d&rt=0&let=6&ct=0&ft=-1&sheetId=1,
21.0,سود (زيان) خالص عمليات متوقف شده,366.0,قند تربت حيدريه,https://codal.ir/Reports/Decision.aspx?LetterSerial=3X1kzUCmCRD2Z8z18WknCA%3d%3d&rt=0&let=6&ct=0&ft=-1&sheetId=1,
17.0,سود(زيان) خالص,1038660.0,قند تربت حيدريه,https://codal.ir/Reports/Decision.aspx?LetterSerial=3X1kzUCmCRD2Z8z18WknCA%3d%3d&rt=0&let=6&ct=0&ft=-1&sheetId=1,
18.0,سود(زيان) پايه هر سهم:,,قند تربت حيدريه,https://codal.ir/Reports/Decision.aspx?LetterSerial=3X1kzUCmCRD2Z8z18WknCA%3d%3d&rt=0&let=6&ct=0&ft=-1&sheetId=1,
19.0,عملياتي (ريال),402.0,قند تربت حيدريه,https://codal.ir/Reports/Decision.aspx?LetterSerial=3X1kzUCmCRD2Z8z18WknCA%3d%3d&rt=0&let=6&ct=0&ft=-1&sheetId=1,
20.0,غيرعملياتي (ريال),-36.0,قند تربت حيدريه,https://codal.ir/Reports/Decision.aspx?LetterSerial=3X1kzUCmCRD2Z8z18WknCA%3d%3d&rt=0&let=6&ct=0&ft=-1&sheetId=1,
47.0,ناشي از عمليات در حال تداوم,366.0,قند تربت حيدريه,https://codal.ir/Reports/Decision.aspx?LetterSerial=3X1kzUCmCRD2Z8z18WknCA%3d%3d&rt=0&let=6&ct=0&ft=-1&sheetId=1,
48.0,ناشي از عمليات متوقف شده,0.0,قند تربت حيدريه,https://codal.ir/Reports/Decision.aspx?LetterSerial=3X1kzUCmCRD2Z8z18WknCA%3d%3d&rt=0&let=6&ct=0&ft=-1&sheetId=1,
21.0,سود(زيان) پايه هر سهم,0.0,قند تربت حيدريه,https://codal.ir/Reports/Decision.aspx?LetterSerial=3X1kzUCmCRD2Z8z18WknCA%3d%3d&rt=0&let=6&ct=0&ft=-1&sheetId=1,
21.0,سود(زيان) پايه هر سهم,366.0,قند تربت حيدريه,https://codal.ir/Reports/Decision.aspx?LetterSerial=3X1kzUCmCRD2Z8z18WknCA%3d%3d&rt=0&let=6&ct=0&ft=-1&sheetId=1,
41.0,سود (زيان) خالص هر سهم – ريال,366.0,قند تربت حيدريه,https://codal.ir/Reports/Decision.aspx?LetterSerial=3X1kzUCmCRD2Z8z18WknCA%3d%3d&rt=0&let=6&ct=0&ft=-1&sheetId=1,
42.0,سرمايه,2840901.0,قند تربت حيدريه,https://codal.ir/Reports/Decision.aspx?LetterSerial=3X1kzUCmCRD2Z8z18WknCA%3d%3d&rt=0&let=6&ct=0&ft=-1&sheetId=1,
38.0,عملیات در حال تداوم:,,توسعه بين المللي صنعت گردشگري پديده شانديز,https://codal.ir/Reports/Decision.aspx?LetterSerial=3mLldXPQQQaQQQTrOzw1Y569W9nA%3d%3d&rt=2&let=6&ct=0&ft=-1&sheetId=1,
4.0,درآمدهای عملیاتی,,توسعه بين المللي صنعت گردشگري پديده شانديز,https://codal.ir/Reports/Decision.aspx?LetterSerial=3mLldXPQQQaQQQTrOzw1Y569W9nA%3d%3d&rt=2&let=6&ct=0&ft=-1&sheetId=1,
5.0,درآمد سود سهام,69.0,توسعه بين المللي صنعت گردشگري پديده شانديز,https://codal.ir/Reports/Decision.aspx?LetterSerial=3mLldXPQQQaQQQTrOzw1Y569W9nA%3d%3d&rt=2&let=6&ct=0&ft=-1&sheetId=1,
6.0,درآمد سود تضمین شده,0.0,توسعه بين المللي صنعت گردشگري پديده شانديز,https://codal.ir/Reports/Decision.aspx?LetterSerial=3mLldXPQQQaQQQTrOzw1Y569W9nA%3d%3d&rt=2&let=6&ct=0&ft=-1&sheetId=1,
7.0,سود (زیان) فروش سرمایه گذاریها,19339.0,توسعه بين المللي صنعت گردشگري پديده شانديز,https://codal.ir/Reports/Decision.aspx?LetterSerial=3mLldXPQQQaQQQTrOzw1Y569W9nA%3d%3d&rt=2&let=6&ct=0&ft=-1&sheetId=1,
8.0,سود (زیان) تغییر ارزش سرمایه گذاریها,0.0,توسعه بين المللي صنعت گردشگري پديده شانديز,https://codal.ir/Reports/Decision.aspx?LetterSerial=3mLldXPQQQaQQQTrOzw1Y569W9nA%3d%3d&rt=2&let=6&ct=0&ft=-1&sheetId=1,
9.0,سایر درآمدها,0.0,توسعه بين المللي صنعت گردشگري پديده شانديز,https://codal.ir/Reports/Decision.aspx?LetterSerial=3mLldXPQQQaQQQTrOzw1Y569W9nA%3d%3d&rt=2&let=6&ct=0&ft=-1&sheetId=1,
10.0,جمع درآمدهای عملیاتی,19408.0,توسعه بين المللي صنعت گردشگري پديده شانديز,https://codal.ir/Reports/Decision.aspx?LetterSerial=3mLldXPQQQaQQQTrOzw1Y569W9nA%3d%3d&rt=2&let=6&ct=0&ft=-1&sheetId=1,
11.0,هزینه های عملیاتی,,توسعه بين المللي صنعت گردشگري پديده شانديز,https://codal.ir/Reports/Decision.aspx?LetterSerial=3mLldXPQQQaQQQTrOzw1Y569W9nA%3d%3d&rt=2&let=6&ct=0&ft=-1&sheetId=1,
49.0,هزينه ‏هاى حقوق، دستمزد و مزایا,-35439.0,توسعه بين المللي صنعت گردشگري پديده شانديز,https://codal.ir/Reports/Decision.aspx?LetterSerial=3mLldXPQQQaQQQTrOzw1Y569W9nA%3d%3d&rt=2&let=6&ct=0&ft=-1&sheetId=1,
63.0,زیان کاهش ارزش دریافتنی‌ها,0.0,توسعه بين المللي صنعت گردشگري پديده شانديز,https://codal.ir/Reports/Decision.aspx?LetterSerial=3mLldXPQQQaQQQTrOzw1Y569W9nA%3d%3d&rt=2&let=6&ct=0&ft=-1&sheetId=1,
50.0,هزینه استهلاک,-20826.0,توسعه بين المللي صنعت گردشگري پديده شانديز,https://codal.ir/Reports/Decision.aspx?LetterSerial=3mLldXPQQQaQQQTrOzw1Y569W9nA%3d%3d&rt=2&let=6&ct=0&ft=-1&sheetId=1,
51.0,هزینه اجاره,0.0,توسعه بين المللي صنعت گردشگري پديده شانديز,https://codal.ir/Reports/Decision.aspx?LetterSerial=3mLldXPQQQaQQQTrOzw1Y569W9nA%3d%3d&rt=2&let=6&ct=0&ft=-1&sheetId=1,
13.0,سایر هزینه‌ها,-38915.0,توسعه بين المللي صنعت گردشگري پديده شانديز,https://codal.ir/Reports/Decision.aspx?LetterSerial=3mLldXPQQQaQQQTrOzw1Y569W9nA%3d%3d&rt=2&let=6&ct=0&ft=-1&sheetId=1,
14.0,جمع هزینه های عملیاتی,-95180.0,توسعه بين المللي صنعت گردشگري پديده شانديز,https://codal.ir/Reports/Decision.aspx?LetterSerial=3mLldXPQQQaQQQTrOzw1Y569W9nA%3d%3d&rt=2&let=6&ct=0&ft=-1&sheetId=1,
15.0,سود (زیان) عملياتى,-75772.0,توسعه بين المللي صنعت گردشگري پديده شانديز,https://codal.ir/Reports/Decision.aspx?LetterSerial=3mLldXPQQQaQQQTrOzw1Y569W9nA%3d%3d&rt=2&let=6&ct=0&ft=-1&sheetId=1,
16.0,هزينه‏ هاى مالى,0.0,توسعه بين المللي صنعت گردشگري پديده شانديز,https://codal.ir/Reports/Decision.aspx?LetterSerial=3mLldXPQQQaQQQTrOzw1Y569W9nA%3d%3d&rt=2&let=6&ct=0&ft=-1&sheetId=1,
17.0,ساير درآمدها و هزينه ‏هاى غيرعملياتى,1667288.0,توسعه بين المللي صنعت گردشگري پديده شانديز,https://codal.ir/Reports/Decision.aspx?LetterSerial=3mLldXPQQQaQQQTrOzw1Y569W9nA%3d%3d&rt=2&let=6&ct=0&ft=-1&sheetId=1,
18.0,سود (زیان) عملیات در حال تداوم قبل از ماليات,1591516.0,توسعه بين المللي صنعت گردشگري پديده شانديز,https://codal.ir/Reports/Decision.aspx?LetterSerial=3mLldXPQQQaQQQTrOzw1Y569W9nA%3d%3d&rt=2&let=6&ct=0&ft=-1&sheetId=1,
52.0,هزینه مالیات بر درآمد:,,توسعه بين المللي صنعت گردشگري پديده شانديز,https://codal.ir/Reports/Decision.aspx?LetterSerial=3mLldXPQQQaQQQTrOzw1Y569W9nA%3d%3d&rt=2&let=6&ct=0&ft=-1&sheetId=1,
53.0,سال جاری,-120.0,توسعه بين المللي صنعت گردشگري پديده شانديز,https://codal.ir/Reports/Decision.aspx?LetterSerial=3mLldXPQQQaQQQTrOzw1Y569W9nA%3d%3d&rt=2&let=6&ct=0&ft=-1&sheetId=1,
54.0,سال‌های قبل,-898.0,توسعه بين المللي صنعت گردشگري پديده شانديز,https://codal.ir/Reports/Decision.aspx?LetterSerial=3mLldXPQQQaQQQTrOzw1Y569W9nA%3d%3d&rt=2&let=6&ct=0&ft=-1&sheetId=1,
20.0,سود (زیان) خالص عملیات در حال تداوم,1590498.0,توسعه بين المللي صنعت گردشگري پديده شانديز,https://codal.ir/Reports/Decision.aspx?LetterSerial=3mLldXPQQQaQQQTrOzw1Y569W9nA%3d%3d&rt=2&let=6&ct=0&ft=-1&sheetId=1,
55.0,عملیات متوقف شده:,,توسعه بين المللي صنعت گردشگري پديده شانديز,https://codal.ir/Reports/Decision.aspx?LetterSerial=3mLldXPQQQaQQQTrOzw1Y569W9nA%3d%3d&rt=2&let=6&ct=0&ft=-1&sheetId=1,
21.0,سود (زیان) خالص عملیات متوقف شده,0.0,توسعه بين المللي صنعت گردشگري پديده شانديز,https://codal.ir/Reports/Decision.aspx?LetterSerial=3mLldXPQQQaQQQTrOzw1Y569W9nA%3d%3d&rt=2&let=6&ct=0&ft=-1&sheetId=1,
22.0,سود (زیان) خالص,1590498.0,توسعه بين المللي صنعت گردشگري پديده شانديز,https://codal.ir/Reports/Decision.aspx?LetterSerial=3mLldXPQQQaQQQTrOzw1Y569W9nA%3d%3d&rt=2&let=6&ct=0&ft=-1&sheetId=1,
23.0,سود (زیان) پایه هر سهم:,,توسعه بين المللي صنعت گردشگري پديده شانديز,https://codal.ir/Reports/Decision.aspx?LetterSerial=3mLldXPQQQaQQQTrOzw1Y569W9nA%3d%3d&rt=2&let=6&ct=0&ft=-1&sheetId=1,
24.0,عملیاتی (ریال),-51.0,توسعه بين المللي صنعت گردشگري پديده شانديز,https://codal.ir/Reports/Decision.aspx?LetterSerial=3mLldXPQQQaQQQTrOzw1Y569W9nA%3d%3d&rt=2&let=6&ct=0&ft=-1&sheetId=1,
25.0,غیرعملیاتی (ریال),1122.0,توسعه بين المللي صنعت گردشگري پديده شانديز,https://codal.ir/Reports/Decision.aspx?LetterSerial=3mLldXPQQQaQQQTrOzw1Y569W9nA%3d%3d&rt=2&let=6&ct=0&ft=-1&sheetId=1,
56.0,ناشی از عملیات در حال تداوم,1071.0,توسعه بين المللي صنعت گردشگري پديده شانديز,https://codal.ir/Reports/Decision.aspx?LetterSerial=3mLldXPQQQaQQQTrOzw1Y569W9nA%3d%3d&rt=2&let=6&ct=0&ft=-1&sheetId=1,
31.0,ناشی از عملیات متوقف شده,0.0,توسعه بين المللي صنعت گردشگري پديده شانديز,https://codal.ir/Reports/Decision.aspx?LetterSerial=3mLldXPQQQaQQQTrOzw1Y569W9nA%3d%3d&rt=2&let=6&ct=0&ft=-1&sheetId=1,
27.0,سود (زیان) پایه هر سهم (ریال),1071.0,توسعه بين المللي صنعت گردشگري پديده شانديز,https://codal.ir/Reports/Decision.aspx?LetterSerial=3mLldXPQQQaQQQTrOzw1Y569W9nA%3d%3d&rt=2&let=6&ct=0&ft=-1&sheetId=1,
46.0,سود (زیان) خالص هر سهم (ریال),1071.0,توسعه بين المللي صنعت گردشگري پديده شانديز,https://codal.ir/Reports/Decision.aspx?LetterSerial=3mLldXPQQQaQQQTrOzw1Y569W9nA%3d%3d&rt=2&let=6&ct=0&ft=-1&sheetId=1,
47.0,سرمایه,1485544.0,توسعه بين المللي صنعت گردشگري پديده شانديز,https://codal.ir/Reports/Decision.aspx?LetterSerial=3mLldXPQQQaQQQTrOzw1Y569W9nA%3d%3d&rt=2&let=6&ct=0&ft=-1&sheetId=1,
3.0,دوره منتهي به,1404/06/31,صندوق سرمايه گذاري اختصاصي بازارگرداني گروه گردشگري ايرانيان,https://codal.ir/Reports/Decision.aspx?LetterSerial=MXINOT4fKeQQQaQQQ5vRkNIkF4QQQaQQQw%3d%3d&rt=2&let=6&ct=5&ft=7&sheetId=1,
4.0,درآمدها,,صندوق سرمايه گذاري اختصاصي بازارگرداني گروه گردشگري ايرانيان,https://codal.ir/Reports/Decision.aspx?LetterSerial=MXINOT4fKeQQQaQQQ5vRkNIkF4QQQaQQQw%3d%3d&rt=2&let=6&ct=5&ft=7&sheetId=1,
5.0,سود (زيان) فروش اوراق بهادار,157813.0,صندوق سرمايه گذاري اختصاصي بازارگرداني گروه گردشگري ايرانيان,https://codal.ir/Reports/Decision.aspx?LetterSerial=MXINOT4fKeQQQaQQQ5vRkNIkF4QQQaQQQw%3d%3d&rt=2&let=6&ct=5&ft=7&sheetId=1,
6.0,سود (زيان) تحقق نيافته نگهداري اوراق بهادار,1393543.0,صندوق سرمايه گذاري اختصاصي بازارگرداني گروه گردشگري ايرانيان,https://codal.ir/Reports/Decision.aspx?LetterSerial=MXINOT4fKeQQQaQQQ5vRkNIkF4QQQaQQQw%3d%3d&rt=2&let=6&ct=5&ft=7&sheetId=1,
7.0,سود سهام,2355602.0,صندوق سرمايه گذاري اختصاصي بازارگرداني گروه گردشگري ايرانيان,https://codal.ir/Reports/Decision.aspx?LetterSerial=MXINOT4fKeQQQaQQQ5vRkNIkF4QQQaQQQw%3d%3d&rt=2&let=6&ct=5&ft=7&sheetId=1,
8.0,سود اوراق بهادار با درآمد ثابت يا علي‌الحساب,92.0,صندوق سرمايه گذاري اختصاصي بازارگرداني گروه گردشگري ايرانيان,https://codal.ir/Reports/Decision.aspx?LetterSerial=MXINOT4fKeQQQaQQQ5vRkNIkF4QQQaQQQw%3d%3d&rt=2&let=6&ct=5&ft=7&sheetId=1,
9.0,ساير درآمدها,7423.0,صندوق سرمايه گذاري اختصاصي بازارگرداني گروه گردشگري ايرانيان,https://codal.ir/Reports/Decision.aspx?LetterSerial=MXINOT4fKeQQQaQQQ5vRkNIkF4QQQaQQQw%3d%3d&rt=2&let=6&ct=5&ft=7&sheetId=1,
10.0,جمع درآمدها,3914473.0,صندوق سرمايه گذاري اختصاصي بازارگرداني گروه گردشگري ايرانيان,https://codal.ir/Reports/Decision.aspx?LetterSerial=MXINOT4fKeQQQaQQQ5vRkNIkF4QQQaQQQw%3d%3d&rt=2&let=6&ct=5&ft=7&sheetId=1,
11.0,هزينه‌ها,,صندوق سرمايه گذاري اختصاصي بازارگرداني گروه گردشگري ايرانيان,https://codal.ir/Reports/Decision.aspx?LetterSerial=MXINOT4fKeQQQaQQQ5vRkNIkF4QQQaQQQw%3d%3d&rt=2&let=6&ct=5&ft=7&sheetId=1,
12.0,هزينه کارمزد ارکان,-247713.0,صندوق سرمايه گذاري اختصاصي بازارگرداني گروه گردشگري ايرانيان,https://codal.ir/Reports/Decision.aspx?LetterSerial=MXINOT4fKeQQQaQQQ5vRkNIkF4QQQaQQQw%3d%3d&rt=2&let=6&ct=5&ft=7&sheetId=1,
13.0,ساير هزينه‌ها,-13669.0,صندوق سرمايه گذاري اختصاصي بازارگرداني گروه گردشگري ايرانيان,https://codal.ir/Reports/Decision.aspx?LetterSerial=MXINOT4fKeQQQaQQQ5vRkNIkF4QQQaQQQw%3d%3d&rt=2&let=6&ct=5&ft=7&sheetId=1,
14.0,جمع هزينه ها,-261382.0,صندوق سرمايه گذاري اختصاصي بازارگرداني گروه گردشگري ايرانيان,https://codal.ir/Reports/Decision.aspx?LetterSerial=MXINOT4fKeQQQaQQQ5vRkNIkF4QQQaQQQw%3d%3d&rt=2&let=6&ct=5&ft=7&sheetId=1,
15.0,سود (زيان) قبل از هزينه‌هاي مالي,3653091.0,صندوق سرمايه گذاري اختصاصي بازارگرداني گروه گردشگري ايرانيان,https://codal.ir/Reports/Decision.aspx?LetterSerial=MXINOT4fKeQQQaQQQ5vRkNIkF4QQQaQQQw%3d%3d&rt=2&let=6&ct=5&ft=7&sheetId=1,
16.0,هزينه‌هاي مالي,-25716.0,صندوق سرمايه گذاري اختصاصي بازارگرداني گروه گردشگري ايرانيان,https://codal.ir/Reports/Decision.aspx?LetterSerial=MXINOT4fKeQQQaQQQ5vRkNIkF4QQQaQQQw%3d%3d&rt=2&let=6&ct=5&ft=7&sheetId=1,
17.0,سود (زيان) خالص,3627375.0,صندوق سرمايه گذاري اختصاصي بازارگرداني گروه گردشگري ايرانيان,https://codal.ir/Reports/Decision.aspx?LetterSerial=MXINOT4fKeQQQaQQQ5vRkNIkF4QQQaQQQw%3d%3d&rt=2&let=6&ct=5&ft=7&sheetId=1,
3.0,دوره منتهي به,1404-06-06 00:00:00,صندوق سرمايه گذاري مشترک عقيق,https://codal.ir/Reports/Decision.aspx?LetterSerial=LddioB0l4wtAPx5I7fAOzA%3d%3d&rt=2&let=6&ct=5&ft=4&sheetId=1,
4.0,درآمدها,,صندوق سرمايه گذاري مشترک عقيق,https://codal.ir/Reports/Decision.aspx?LetterSerial=LddioB0l4wtAPx5I7fAOzA%3d%3d&rt=2&let=6&ct=5&ft=4&sheetId=1,
5.0,سود (زيان) فروش اوراق بهادار,48840.0,صندوق سرمايه گذاري مشترک عقيق,https://codal.ir/Reports/Decision.aspx?LetterSerial=LddioB0l4wtAPx5I7fAOzA%3d%3d&rt=2&let=6&ct=5&ft=4&sheetId=1,
6.0,سود (زيان) تحقق نيافته نگهداري اوراق بهادار,-907832.0,صندوق سرمايه گذاري مشترک عقيق,https://codal.ir/Reports/Decision.aspx?LetterSerial=LddioB0l4wtAPx5I7fAOzA%3d%3d&rt=2&let=6&ct=5&ft=4&sheetId=1,
7.0,سود سهام,283357.0,صندوق سرمايه گذاري مشترک عقيق,https://codal.ir/Reports/Decision.aspx?LetterSerial=LddioB0l4wtAPx5I7fAOzA%3d%3d&rt=2&let=6&ct=5&ft=4&sheetId=1,
8.0,سود اوراق بهادار با درآمد ثابت يا علي‌الحساب,57429.0,صندوق سرمايه گذاري مشترک عقيق,https://codal.ir/Reports/Decision.aspx?LetterSerial=LddioB0l4wtAPx5I7fAOzA%3d%3d&rt=2&let=6&ct=5&ft=4&sheetId=1,
9.0,ساير درآمدها,1229.0,صندوق سرمايه گذاري مشترک عقيق,https://codal.ir/Reports/Decision.aspx?LetterSerial=LddioB0l4wtAPx5I7fAOzA%3d%3d&rt=2&let=6&ct=5&ft=4&sheetId=1,
10.0,جمع درآمدها,-516977.0,صندوق سرمايه گذاري مشترک عقيق,https://codal.ir/Reports/Decision.aspx?LetterSerial=LddioB0l4wtAPx5I7fAOzA%3d%3d&rt=2&let=6&ct=5&ft=4&sheetId=1,
11.0,هزينه‌ها,,صندوق سرمايه گذاري مشترک عقيق,https://codal.ir/Reports/Decision.aspx?LetterSerial=LddioB0l4wtAPx5I7fAOzA%3d%3d&rt=2&let=6&ct=5&ft=4&sheetId=1,
12.0,هزينه کارمزد ارکان,-63016.0,صندوق سرمايه گذاري مشترک عقيق,https://codal.ir/Reports/Decision.aspx?LetterSerial=LddioB0l4wtAPx5I7fAOzA%3d%3d&rt=2&let=6&ct=5&ft=4&sheetId=1,
13.0,ساير هزينه‌ها,-4369.0,صندوق سرمايه گذاري مشترک عقيق,https://codal.ir/Reports/Decision.aspx?LetterSerial=LddioB0l4wtAPx5I7fAOzA%3d%3d&rt=2&let=6&ct=5&ft=4&sheetId=1,
14.0,جمع هزينه ها,-67385.0,صندوق سرمايه گذاري مشترک عقيق,https://codal.ir/Reports/Decision.aspx?LetterSerial=LddioB0l4wtAPx5I7fAOzA%3d%3d&rt=2&let=6&ct=5&ft=4&sheetId=1,
15.0,سود (زيان) قبل از هزينه‌هاي مالي,-584362.0,صندوق سرمايه گذاري مشترک عقيق,https://codal.ir/Reports/Decision.aspx?LetterSerial=LddioB0l4wtAPx5I7fAOzA%3d%3d&rt=2&let=6&ct=5&ft=4&sheetId=1,
16.0,هزينه‌هاي مالي,-120.0,صندوق سرمايه گذاري مشترک عقيق,https://codal.ir/Reports/Decision.aspx?LetterSerial=LddioB0l4wtAPx5I7fAOzA%3d%3d&rt=2&let=6&ct=5&ft=4&sheetId=1,
17.0,سود (زيان) خالص,-584482.0,صندوق سرمايه گذاري مشترک عقيق,https://codal.ir/Reports/Decision.aspx?LetterSerial=LddioB0l4wtAPx5I7fAOzA%3d%3d&rt=2&let=6&ct=5&ft=4&sheetId=1,
3.0,درآمد عملیاتی,158545.0,انجمن خيريه حمايت از بيماران مبتلا به سرطان ياس کرمان,https://codal.ir/Reports/Decision.aspx?LetterSerial=SEzwNpyJY7YixMtUQQQaQQQepKtg%3d%3d&rt=5&let=6&ct=13&ft=-1&sheetId=1,
4.0,سود ناخالص,79304.0,انجمن خيريه حمايت از بيماران مبتلا به سرطان ياس کرمان,https://codal.ir/Reports/Decision.aspx?LetterSerial=SEzwNpyJY7YixMtUQQQaQQQepKtg%3d%3d&rt=5&let=6&ct=13&ft=-1&sheetId=1,
5.0,زیان ناخالص,0.0,انجمن خيريه حمايت از بيماران مبتلا به سرطان ياس کرمان,https://codal.ir/Reports/Decision.aspx?LetterSerial=SEzwNpyJY7YixMtUQQQaQQQepKtg%3d%3d&rt=5&let=6&ct=13&ft=-1&sheetId=1,
6.0,سود عملیاتی,0.0,انجمن خيريه حمايت از بيماران مبتلا به سرطان ياس کرمان,https://codal.ir/Reports/Decision.aspx?LetterSerial=SEzwNpyJY7YixMtUQQQaQQQepKtg%3d%3d&rt=5&let=6&ct=13&ft=-1&sheetId=1,
7.0,زیان عملیاتی,0.0,انجمن خيريه حمايت از بيماران مبتلا به سرطان ياس کرمان,https://codal.ir/Reports/Decision.aspx?LetterSerial=SEzwNpyJY7YixMtUQQQaQQQepKtg%3d%3d&rt=5&let=6&ct=13&ft=-1&sheetId=1,
8.0,سود خالص,80559.0,انجمن خيريه حمايت از بيماران مبتلا به سرطان ياس کرمان,https://codal.ir/Reports/Decision.aspx?LetterSerial=SEzwNpyJY7YixMtUQQQaQQQepKtg%3d%3d&rt=5&let=6&ct=13&ft=-1&sheetId=1,
9.0,زیان خالص,0.0,انجمن خيريه حمايت از بيماران مبتلا به سرطان ياس کرمان,https://codal.ir/Reports/Decision.aspx?LetterSerial=SEzwNpyJY7YixMtUQQQaQQQepKtg%3d%3d&rt=5&let=6&ct=13&ft=-1&sheetId=1,
10.0,سود هر سهم,0.0,انجمن خيريه حمايت از بيماران مبتلا به سرطان ياس کرمان,https://codal.ir/Reports/Decision.aspx?LetterSerial=SEzwNpyJY7YixMtUQQQaQQQepKtg%3d%3d&rt=5&let=6&ct=13&ft=-1&sheetId=1,
49.0,عمليات در حال تداوم:,,کارخانجات پنبه ودانه هاي روغني خراسان,https://codal.ir/Reports/Decision.aspx?LetterSerial=AZaIHWTCXWStRhpHbHd6tg%3d%3d&rt=0&let=6&ct=0&ft=-1&sheetId=1,
3.0,درآمدهاي عملياتي,12107524.0,کارخانجات پنبه ودانه هاي روغني خراسان,https://codal.ir/Reports/Decision.aspx?LetterSerial=AZaIHWTCXWStRhpHbHd6tg%3d%3d&rt=0&let=6&ct=0&ft=-1&sheetId=1,
4.0,بهاى تمام شده درآمدهاي عملياتي,-10584891.0,کارخانجات پنبه ودانه هاي روغني خراسان,https://codal.ir/Reports/Decision.aspx?LetterSerial=AZaIHWTCXWStRhpHbHd6tg%3d%3d&rt=0&let=6&ct=0&ft=-1&sheetId=1,
5.0,سود(زيان) ناخالص,1522633.0,کارخانجات پنبه ودانه هاي روغني خراسان,https://codal.ir/Reports/Decision.aspx?LetterSerial=AZaIHWTCXWStRhpHbHd6tg%3d%3d&rt=0&let=6&ct=0&ft=-1&sheetId=1,
6.0,هزينه‏ هاى فروش، ادارى و عمومى,-170884.0,کارخانجات پنبه ودانه هاي روغني خراسان,https://codal.ir/Reports/Decision.aspx?LetterSerial=AZaIHWTCXWStRhpHbHd6tg%3d%3d&rt=0&let=6&ct=0&ft=-1&sheetId=1,
44.0,هزينه کاهش ارزش دريافتني‏ ها (هزينه استثنايي),0.0,کارخانجات پنبه ودانه هاي روغني خراسان,https://codal.ir/Reports/Decision.aspx?LetterSerial=AZaIHWTCXWStRhpHbHd6tg%3d%3d&rt=0&let=6&ct=0&ft=-1&sheetId=1,
7.0,ساير درآمدها,0.0,کارخانجات پنبه ودانه هاي روغني خراسان,https://codal.ir/Reports/Decision.aspx?LetterSerial=AZaIHWTCXWStRhpHbHd6tg%3d%3d&rt=0&let=6&ct=0&ft=-1&sheetId=1,
8.0,ساير هزينه‌ها,-11243.0,کارخانجات پنبه ودانه هاي روغني خراسان,https://codal.ir/Reports/Decision.aspx?LetterSerial=AZaIHWTCXWStRhpHbHd6tg%3d%3d&rt=0&let=6&ct=0&ft=-1&sheetId=1,
9.0,سود(زيان) عملياتى,1340506.0,کارخانجات پنبه ودانه هاي روغني خراسان,https://codal.ir/Reports/Decision.aspx?LetterSerial=AZaIHWTCXWStRhpHbHd6tg%3d%3d&rt=0&let=6&ct=0&ft=-1&sheetId=1,
10.0,هزينه‏ هاى مالى,-136377.0,کارخانجات پنبه ودانه هاي روغني خراسان,https://codal.ir/Reports/Decision.aspx?LetterSerial=AZaIHWTCXWStRhpHbHd6tg%3d%3d&rt=0&let=6&ct=0&ft=-1&sheetId=1,
52.0,ساير درآمدها و هزينه ‏هاى غيرعملياتى,55219.0,کارخانجات پنبه ودانه هاي روغني خراسان,https://codal.ir/Reports/Decision.aspx?LetterSerial=AZaIHWTCXWStRhpHbHd6tg%3d%3d&rt=0&let=6&ct=0&ft=-1&sheetId=1,
13.0,سود(زيان) عمليات در حال تداوم قبل از ماليات,1259348.0,کارخانجات پنبه ودانه هاي روغني خراسان,https://codal.ir/Reports/Decision.aspx?LetterSerial=AZaIHWTCXWStRhpHbHd6tg%3d%3d&rt=0&let=6&ct=0&ft=-1&sheetId=1,
50.0,هزينه ماليات بر درآمد:,,کارخانجات پنبه ودانه هاي روغني خراسان,https://codal.ir/Reports/Decision.aspx?LetterSerial=AZaIHWTCXWStRhpHbHd6tg%3d%3d&rt=0&let=6&ct=0&ft=-1&sheetId=1,
45.0,سال جاري,-277058.0,کارخانجات پنبه ودانه هاي روغني خراسان,https://codal.ir/Reports/Decision.aspx?LetterSerial=AZaIHWTCXWStRhpHbHd6tg%3d%3d&rt=0&let=6&ct=0&ft=-1&sheetId=1,
46.0,سال‌هاي قبل,-55918.0,کارخانجات پنبه ودانه هاي روغني خراسان,https://codal.ir/Reports/Decision.aspx?LetterSerial=AZaIHWTCXWStRhpHbHd6tg%3d%3d&rt=0&let=6&ct=0&ft=-1&sheetId=1,
15.0,سود(زيان) خالص عمليات در حال تداوم,926372.0,کارخانجات پنبه ودانه هاي روغني خراسان,https://codal.ir/Reports/Decision.aspx?LetterSerial=AZaIHWTCXWStRhpHbHd6tg%3d%3d&rt=0&let=6&ct=0&ft=-1&sheetId=1,
51.0,عمليات متوقف شده:,,کارخانجات پنبه ودانه هاي روغني خراسان,https://codal.ir/Reports/Decision.aspx?LetterSerial=AZaIHWTCXWStRhpHbHd6tg%3d%3d&rt=0&let=6&ct=0&ft=-1&sheetId=1,
21.0,سود (زيان) خالص عمليات متوقف شده,0.0,کارخانجات پنبه ودانه هاي روغني خراسان,https://codal.ir/Reports/Decision.aspx?LetterSerial=AZaIHWTCXWStRhpHbHd6tg%3d%3d&rt=0&let=6&ct=0&ft=-1&sheetId=1,
21.0,سود (زيان) خالص عمليات متوقف شده,463.0,کارخانجات پنبه ودانه هاي روغني خراسان,https://codal.ir/Reports/Decision.aspx?LetterSerial=AZaIHWTCXWStRhpHbHd6tg%3d%3d&rt=0&let=6&ct=0&ft=-1&sheetId=1,
17.0,سود(زيان) خالص,926372.0,کارخانجات پنبه ودانه هاي روغني خراسان,https://codal.ir/Reports/Decision.aspx?LetterSerial=AZaIHWTCXWStRhpHbHd6tg%3d%3d&rt=0&let=6&ct=0&ft=-1&sheetId=1,
18.0,سود(زيان) پايه هر سهم:,,کارخانجات پنبه ودانه هاي روغني خراسان,https://codal.ir/Reports/Decision.aspx?LetterSerial=AZaIHWTCXWStRhpHbHd6tg%3d%3d&rt=0&let=6&ct=0&ft=-1&sheetId=1,
19.0,عملياتي (ريال),505.0,کارخانجات پنبه ودانه هاي روغني خراسان,https://codal.ir/Reports/Decision.aspx?LetterSerial=AZaIHWTCXWStRhpHbHd6tg%3d%3d&rt=0&let=6&ct=0&ft=-1&sheetId=1,
20.0,غيرعملياتي (ريال),-42.0,کارخانجات پنبه ودانه هاي روغني خراسان,https://codal.ir/Reports/Decision.aspx?LetterSerial=AZaIHWTCXWStRhpHbHd6tg%3d%3d&rt=0&let=6&ct=0&ft=-1&sheetId=1,
47.0,ناشي از عمليات در حال تداوم,463.0,کارخانجات پنبه ودانه هاي روغني خراسان,https://codal.ir/Reports/Decision.aspx?LetterSerial=AZaIHWTCXWStRhpHbHd6tg%3d%3d&rt=0&let=6&ct=0&ft=-1&sheetId=1,
48.0,ناشي از عمليات متوقف شده,0.0,کارخانجات پنبه ودانه هاي روغني خراسان,https://codal.ir/Reports/Decision.aspx?LetterSerial=AZaIHWTCXWStRhpHbHd6tg%3d%3d&rt=0&let=6&ct=0&ft=-1&sheetId=1,
21.0,سود(زيان) پايه هر سهم,0.0,کارخانجات پنبه ودانه هاي روغني خراسان,https://codal.ir/Reports/Decision.aspx?LetterSerial=AZaIHWTCXWStRhpHbHd6tg%3d%3d&rt=0&let=6&ct=0&ft=-1&sheetId=1,
21.0,سود(زيان) پايه هر سهم,463.0,کارخانجات پنبه ودانه هاي روغني خراسان,https://codal.ir/Reports/Decision.aspx?LetterSerial=AZaIHWTCXWStRhpHbHd6tg%3d%3d&rt=0&let=6&ct=0&ft=-1&sheetId=1,
41.0,سود (زيان) خالص هر سهم – ريال,463.0,کارخانجات پنبه ودانه هاي روغني خراسان,https://codal.ir/Reports/Decision.aspx?LetterSerial=AZaIHWTCXWStRhpHbHd6tg%3d%3d&rt=0&let=6&ct=0&ft=-1&sheetId=1,
42.0,سرمايه,2000000.0,کارخانجات پنبه ودانه هاي روغني خراسان,https://codal.ir/Reports/Decision.aspx?LetterSerial=AZaIHWTCXWStRhpHbHd6tg%3d%3d&rt=0&let=6&ct=0&ft=-1&sheetId=1,
3.0,درآمد عملیاتی,70045.0,انجمن خيريه حمايت از بيماران مبتلا به سرطان ياس کرمان,https://codal.ir/Reports/Decision.aspx?LetterSerial=y0M6UaOOObOOO0UQQQaQQQmc2hSscftugA%3d%3d&rt=5&let=6&ct=13&ft=-1&sheetId=1,
4.0,سود ناخالص,20675.0,انجمن خيريه حمايت از بيماران مبتلا به سرطان ياس کرمان,https://codal.ir/Reports/Decision.aspx?LetterSerial=y0M6UaOOObOOO0UQQQaQQQmc2hSscftugA%3d%3d&rt=5&let=6&ct=13&ft=-1&sheetId=1,
5.0,زیان ناخالص,0.0,انجمن خيريه حمايت از بيماران مبتلا به سرطان ياس کرمان,https://codal.ir/Reports/Decision.aspx?LetterSerial=y0M6UaOOObOOO0UQQQaQQQmc2hSscftugA%3d%3d&rt=5&let=6&ct=13&ft=-1&sheetId=1,
6.0,سود عملیاتی,0.0,انجمن خيريه حمايت از بيماران مبتلا به سرطان ياس کرمان,https://codal.ir/Reports/Decision.aspx?LetterSerial=y0M6UaOOObOOO0UQQQaQQQmc2hSscftugA%3d%3d&rt=5&let=6&ct=13&ft=-1&sheetId=1,
7.0,زیان عملیاتی,0.0,انجمن خيريه حمايت از بيماران مبتلا به سرطان ياس کرمان,https://codal.ir/Reports/Decision.aspx?LetterSerial=y0M6UaOOObOOO0UQQQaQQQmc2hSscftugA%3d%3d&rt=5&let=6&ct=13&ft=-1&sheetId=1,
8.0,سود خالص,24982.0,انجمن خيريه حمايت از بيماران مبتلا به سرطان ياس کرمان,https://codal.ir/Reports/Decision.aspx?LetterSerial=y0M6UaOOObOOO0UQQQaQQQmc2hSscftugA%3d%3d&rt=5&let=6&ct=13&ft=-1&sheetId=1,
9.0,زیان خالص,0.0,انجمن خيريه حمايت از بيماران مبتلا به سرطان ياس کرمان,https://codal.ir/Reports/Decision.aspx?LetterSerial=y0M6UaOOObOOO0UQQQaQQQmc2hSscftugA%3d%3d&rt=5&let=6&ct=13&ft=-1&sheetId=1,
10.0,سود هر سهم,0.0,انجمن خيريه حمايت از بيماران مبتلا به سرطان ياس کرمان,https://codal.ir/Reports/Decision.aspx?LetterSerial=y0M6UaOOObOOO0UQQQaQQQmc2hSscftugA%3d%3d&rt=5&let=6&ct=13&ft=-1&sheetId=1,
3.0,درآمد عملیاتی,8994.0,خيريه فرهنگي تربيتي اميرالمومنين شهرستان مبارکه,https://codal.ir/Reports/Decision.aspx?LetterSerial=csxLvaN8NWf3dGMrxHMxJA%3d%3d&rt=5&let=6&ct=13&ft=-1&sheetId=1,
4.0,سود ناخالص,1470.0,خيريه فرهنگي تربيتي اميرالمومنين شهرستان مبارکه,https://codal.ir/Reports/Decision.aspx?LetterSerial=csxLvaN8NWf3dGMrxHMxJA%3d%3d&rt=5&let=6&ct=13&ft=-1&sheetId=1,
5.0,زیان ناخالص,0.0,خيريه فرهنگي تربيتي اميرالمومنين شهرستان مبارکه,https://codal.ir/Reports/Decision.aspx?LetterSerial=csxLvaN8NWf3dGMrxHMxJA%3d%3d&rt=5&let=6&ct=13&ft=-1&sheetId=1,
6.0,سود عملیاتی,914.0,خيريه فرهنگي تربيتي اميرالمومنين شهرستان مبارکه,https://codal.ir/Reports/Decision.aspx?LetterSerial=csxLvaN8NWf3dGMrxHMxJA%3d%3d&rt=5&let=6&ct=13&ft=-1&sheetId=1,
7.0,زیان عملیاتی,0.0,خيريه فرهنگي تربيتي اميرالمومنين شهرستان مبارکه,https://codal.ir/Reports/Decision.aspx?LetterSerial=csxLvaN8NWf3dGMrxHMxJA%3d%3d&rt=5&let=6&ct=13&ft=-1&sheetId=1,
8.0,سود خالص,1516.0,خيريه فرهنگي تربيتي اميرالمومنين شهرستان مبارکه,https://codal.ir/Reports/Decision.aspx?LetterSerial=csxLvaN8NWf3dGMrxHMxJA%3d%3d&rt=5&let=6&ct=13&ft=-1&sheetId=1,
9.0,زیان خالص,0.0,خيريه فرهنگي تربيتي اميرالمومنين شهرستان مبارکه,https://codal.ir/Reports/Decision.aspx?LetterSerial=csxLvaN8NWf3dGMrxHMxJA%3d%3d&rt=5&let=6&ct=13&ft=-1&sheetId=1,
10.0,سود هر سهم,0.0,خيريه فرهنگي تربيتي اميرالمومنين شهرستان مبارکه,https://codal.ir/Reports/Decision.aspx?LetterSerial=csxLvaN8NWf3dGMrxHMxJA%3d%3d&rt=5&let=6&ct=13&ft=-1&sheetId=1,
3.0,درآمد عملیاتی,38202.0,خيريه فرهنگي تربيتي اميرالمومنين شهرستان مبارکه,https://codal.ir/Reports/Decision.aspx?LetterSerial=JtpeLD3NaZ9aXddYMrN10Q%3d%3d&rt=5&let=6&ct=13&ft=-1&sheetId=1,
4.0,سود ناخالص,14987.0,خيريه فرهنگي تربيتي اميرالمومنين شهرستان مبارکه,https://codal.ir/Reports/Decision.aspx?LetterSerial=JtpeLD3NaZ9aXddYMrN10Q%3d%3d&rt=5&let=6&ct=13&ft=-1&sheetId=1,
5.0,زیان ناخالص,0.0,خيريه فرهنگي تربيتي اميرالمومنين شهرستان مبارکه,https://codal.ir/Reports/Decision.aspx?LetterSerial=JtpeLD3NaZ9aXddYMrN10Q%3d%3d&rt=5&let=6&ct=13&ft=-1&sheetId=1,
6.0,سود عملیاتی,6631.0,خيريه فرهنگي تربيتي اميرالمومنين شهرستان مبارکه,https://codal.ir/Reports/Decision.aspx?LetterSerial=JtpeLD3NaZ9aXddYMrN10Q%3d%3d&rt=5&let=6&ct=13&ft=-1&sheetId=1,
7.0,زیان عملیاتی,0.0,خيريه فرهنگي تربيتي اميرالمومنين شهرستان مبارکه,https://codal.ir/Reports/Decision.aspx?LetterSerial=JtpeLD3NaZ9aXddYMrN10Q%3d%3d&rt=5&let=6&ct=13&ft=-1&sheetId=1,
8.0,سود خالص,7747.0,خيريه فرهنگي تربيتي اميرالمومنين شهرستان مبارکه,https://codal.ir/Reports/Decision.aspx?LetterSerial=JtpeLD3NaZ9aXddYMrN10Q%3d%3d&rt=5&let=6&ct=13&ft=-1&sheetId=1,
9.0,زیان خالص,0.0,خيريه فرهنگي تربيتي اميرالمومنين شهرستان مبارکه,https://codal.ir/Reports/Decision.aspx?LetterSerial=JtpeLD3NaZ9aXddYMrN10Q%3d%3d&rt=5&let=6&ct=13&ft=-1&sheetId=1,
10.0,سود هر سهم,0.0,خيريه فرهنگي تربيتي اميرالمومنين شهرستان مبارکه,https://codal.ir/Reports/Decision.aspx?LetterSerial=JtpeLD3NaZ9aXddYMrN10Q%3d%3d&rt=5&let=6&ct=13&ft=-1&sheetId=1,
3.0,درآمد عملیاتی,39648.0,خيريه فرهنگي تربيتي اميرالمومنين شهرستان مبارکه,https://codal.ir/Reports/Decision.aspx?LetterSerial=VibuD32J53mEB5tLD5Edwg%3d%3d&rt=5&let=6&ct=13&ft=-1&sheetId=1,
4.0,سود ناخالص,0.0,خيريه فرهنگي تربيتي اميرالمومنين شهرستان مبارکه,https://codal.ir/Reports/Decision.aspx?LetterSerial=VibuD32J53mEB5tLD5Edwg%3d%3d&rt=5&let=6&ct=13&ft=-1&sheetId=1,
5.0,زیان ناخالص,0.0,خيريه فرهنگي تربيتي اميرالمومنين شهرستان مبارکه,https://codal.ir/Reports/Decision.aspx?LetterSerial=VibuD32J53mEB5tLD5Edwg%3d%3d&rt=5&let=6&ct=13&ft=-1&sheetId=1,
6.0,سود عملیاتی,0.0,خيريه فرهنگي تربيتي اميرالمومنين شهرستان مبارکه,https://codal.ir/Reports/Decision.aspx?LetterSerial=VibuD32J53mEB5tLD5Edwg%3d%3d&rt=5&let=6&ct=13&ft=-1&sheetId=1,
7.0,زیان عملیاتی,0.0,خيريه فرهنگي تربيتي اميرالمومنين شهرستان مبارکه,https://codal.ir/Reports/Decision.aspx?LetterSerial=VibuD32J53mEB5tLD5Edwg%3d%3d&rt=5&let=6&ct=13&ft=-1&sheetId=1,
8.0,سود خالص,7951.0,خيريه فرهنگي تربيتي اميرالمومنين شهرستان مبارکه,https://codal.ir/Reports/Decision.aspx?LetterSerial=VibuD32J53mEB5tLD5Edwg%3d%3d&rt=5&let=6&ct=13&ft=-1&sheetId=1,
9.0,زیان خالص,0.0,خيريه فرهنگي تربيتي اميرالمومنين شهرستان مبارکه,https://codal.ir/Reports/Decision.aspx?LetterSerial=VibuD32J53mEB5tLD5Edwg%3d%3d&rt=5&let=6&ct=13&ft=-1&sheetId=1,
10.0,سود هر سهم,0.0,خيريه فرهنگي تربيتي اميرالمومنين شهرستان مبارکه,https://codal.ir/Reports/Decision.aspx?LetterSerial=VibuD32J53mEB5tLD5Edwg%3d%3d&rt=5&let=6&ct=13&ft=-1&sheetId=1,
3.0,درآمد عملیاتی,37245.0,خيريه فرهنگي تربيتي اميرالمومنين شهرستان مبارکه,https://codal.ir/Reports/Decision.aspx?LetterSerial=seCsQW2ZQgybO7FJiVRImQ%3d%3d&rt=5&let=6&ct=13&ft=-1&sheetId=1,
4.0,سود ناخالص,13455.0,خيريه فرهنگي تربيتي اميرالمومنين شهرستان مبارکه,https://codal.ir/Reports/Decision.aspx?LetterSerial=seCsQW2ZQgybO7FJiVRImQ%3d%3d&rt=5&let=6&ct=13&ft=-1&sheetId=1,
5.0,زیان ناخالص,0.0,خيريه فرهنگي تربيتي اميرالمومنين شهرستان مبارکه,https://codal.ir/Reports/Decision.aspx?LetterSerial=seCsQW2ZQgybO7FJiVRImQ%3d%3d&rt=5&let=6&ct=13&ft=-1&sheetId=1,
6.0,سود عملیاتی,3110.0,خيريه فرهنگي تربيتي اميرالمومنين شهرستان مبارکه,https://codal.ir/Reports/Decision.aspx?LetterSerial=seCsQW2ZQgybO7FJiVRImQ%3d%3d&rt=5&let=6&ct=13&ft=-1&sheetId=1,
7.0,زیان عملیاتی,0.0,خيريه فرهنگي تربيتي اميرالمومنين شهرستان مبارکه,https://codal.ir/Reports/Decision.aspx?LetterSerial=seCsQW2ZQgybO7FJiVRImQ%3d%3d&rt=5&let=6&ct=13&ft=-1&sheetId=1,
8.0,سود خالص,7198.0,خيريه فرهنگي تربيتي اميرالمومنين شهرستان مبارکه,https://codal.ir/Reports/Decision.aspx?LetterSerial=seCsQW2ZQgybO7FJiVRImQ%3d%3d&rt=5&let=6&ct=13&ft=-1&sheetId=1,
9.0,زیان خالص,0.0,خيريه فرهنگي تربيتي اميرالمومنين شهرستان مبارکه,https://codal.ir/Reports/Decision.aspx?LetterSerial=seCsQW2ZQgybO7FJiVRImQ%3d%3d&rt=5&let=6&ct=13&ft=-1&sheetId=1,
10.0,سود هر سهم,0.0,خيريه فرهنگي تربيتي اميرالمومنين شهرستان مبارکه,https://codal.ir/Reports/Decision.aspx?LetterSerial=seCsQW2ZQgybO7FJiVRImQ%3d%3d&rt=5&let=6&ct=13&ft=-1&sheetId=1,
3.0,درآمد عملیاتی,17881.0,خيريه فرهنگي تربيتي اميرالمومنين شهرستان مبارکه,https://codal.ir/Reports/Decision.aspx?LetterSerial=qiflYjgfrd4YpnelEoTAMQ%3d%3d&rt=5&let=6&ct=13&ft=-1&sheetId=1,
4.0,سود ناخالص,0.0,خيريه فرهنگي تربيتي اميرالمومنين شهرستان مبارکه,https://codal.ir/Reports/Decision.aspx?LetterSerial=qiflYjgfrd4YpnelEoTAMQ%3d%3d&rt=5&let=6&ct=13&ft=-1&sheetId=1,
5.0,زیان ناخالص,0.0,خيريه فرهنگي تربيتي اميرالمومنين شهرستان مبارکه,https://codal.ir/Reports/Decision.aspx?LetterSerial=qiflYjgfrd4YpnelEoTAMQ%3d%3d&rt=5&let=6&ct=13&ft=-1&sheetId=1,
6.0,سود عملیاتی,0.0,خيريه فرهنگي تربيتي اميرالمومنين شهرستان مبارکه,https://codal.ir/Reports/Decision.aspx?LetterSerial=qiflYjgfrd4YpnelEoTAMQ%3d%3d&rt=5&let=6&ct=13&ft=-1&sheetId=1,
7.0,زیان عملیاتی,0.0,خيريه فرهنگي تربيتي اميرالمومنين شهرستان مبارکه,https://codal.ir/Reports/Decision.aspx?LetterSerial=qiflYjgfrd4YpnelEoTAMQ%3d%3d&rt=5&let=6&ct=13&ft=-1&sheetId=1,
8.0,سود خالص,7310.0,خيريه فرهنگي تربيتي اميرالمومنين شهرستان مبارکه,https://codal.ir/Reports/Decision.aspx?LetterSerial=qiflYjgfrd4YpnelEoTAMQ%3d%3d&rt=5&let=6&ct=13&ft=-1&sheetId=1,
9.0,زیان خالص,0.0,خيريه فرهنگي تربيتي اميرالمومنين شهرستان مبارکه,https://codal.ir/Reports/Decision.aspx?LetterSerial=qiflYjgfrd4YpnelEoTAMQ%3d%3d&rt=5&let=6&ct=13&ft=-1&sheetId=1,
10.0,سود هر سهم,0.0,خيريه فرهنگي تربيتي اميرالمومنين شهرستان مبارکه,https://codal.ir/Reports/Decision.aspx?LetterSerial=qiflYjgfrd4YpnelEoTAMQ%3d%3d&rt=5&let=6&ct=13&ft=-1&sheetId=1,
49.0,عمليات در حال تداوم:,,پتروشيمي اروند,https://codal.ir/Reports/Decision.aspx?LetterSerial=6gXaaPDOkSnyuEcPhyTOOObOOOpg%3d%3d&rt=0&let=6&ct=0&ft=-1&sheetId=1,
3.0,درآمدهاي عملياتي,255548361.0,پتروشيمي اروند,https://codal.ir/Reports/Decision.aspx?LetterSerial=6gXaaPDOkSnyuEcPhyTOOObOOOpg%3d%3d&rt=0&let=6&ct=0&ft=-1&sheetId=1,
4.0,بهاى تمام شده درآمدهاي عملياتي,-165538448.0,پتروشيمي اروند,https://codal.ir/Reports/Decision.aspx?LetterSerial=6gXaaPDOkSnyuEcPhyTOOObOOOpg%3d%3d&rt=0&let=6&ct=0&ft=-1&sheetId=1,
5.0,سود(زيان) ناخالص,90009913.0,پتروشيمي اروند,https://codal.ir/Reports/Decision.aspx?LetterSerial=6gXaaPDOkSnyuEcPhyTOOObOOOpg%3d%3d&rt=0&let=6&ct=0&ft=-1&sheetId=1,
6.0,هزينه‏ هاى فروش، ادارى و عمومى,-19890696.0,پتروشيمي اروند,https://codal.ir/Reports/Decision.aspx?LetterSerial=6gXaaPDOkSnyuEcPhyTOOObOOOpg%3d%3d&rt=0&let=6&ct=0&ft=-1&sheetId=1,
44.0,هزينه کاهش ارزش دريافتني‏ ها (هزينه استثنايي),0.0,پتروشيمي اروند,https://codal.ir/Reports/Decision.aspx?LetterSerial=6gXaaPDOkSnyuEcPhyTOOObOOOpg%3d%3d&rt=0&let=6&ct=0&ft=-1&sheetId=1,
7.0,ساير درآمدها,17854185.0,پتروشيمي اروند,https://codal.ir/Reports/Decision.aspx?LetterSerial=6gXaaPDOkSnyuEcPhyTOOObOOOpg%3d%3d&rt=0&let=6&ct=0&ft=-1&sheetId=1,
8.0,ساير هزينه‌ها,-15856792.0,پتروشيمي اروند,https://codal.ir/Reports/Decision.aspx?LetterSerial=6gXaaPDOkSnyuEcPhyTOOObOOOpg%3d%3d&rt=0&let=6&ct=0&ft=-1&sheetId=1,
9.0,سود(زيان) عملياتى,72116610.0,پتروشيمي اروند,https://codal.ir/Reports/Decision.aspx?LetterSerial=6gXaaPDOkSnyuEcPhyTOOObOOOpg%3d%3d&rt=0&let=6&ct=0&ft=-1&sheetId=1,
10.0,هزينه‏ هاى مالى,0.0,پتروشيمي اروند,https://codal.ir/Reports/Decision.aspx?LetterSerial=6gXaaPDOkSnyuEcPhyTOOObOOOpg%3d%3d&rt=0&let=6&ct=0&ft=-1&sheetId=1,
52.0,ساير درآمدها و هزينه ‏هاى غيرعملياتى,12187642.0,پتروشيمي اروند,https://codal.ir/Reports/Decision.aspx?LetterSerial=6gXaaPDOkSnyuEcPhyTOOObOOOpg%3d%3d&rt=0&let=6&ct=0&ft=-1&sheetId=1,
13.0,سود(زيان) عمليات در حال تداوم قبل از ماليات,84304252.0,پتروشيمي اروند,https://codal.ir/Reports/Decision.aspx?LetterSerial=6gXaaPDOkSnyuEcPhyTOOObOOOpg%3d%3d&rt=0&let=6&ct=0&ft=-1&sheetId=1,
50.0,هزينه ماليات بر درآمد:,,پتروشيمي اروند,https://codal.ir/Reports/Decision.aspx?LetterSerial=6gXaaPDOkSnyuEcPhyTOOObOOOpg%3d%3d&rt=0&let=6&ct=0&ft=-1&sheetId=1,
45.0,سال جاري,-15550045.0,پتروشيمي اروند,https://codal.ir/Reports/Decision.aspx?LetterSerial=6gXaaPDOkSnyuEcPhyTOOObOOOpg%3d%3d&rt=0&let=6&ct=0&ft=-1&sheetId=1,
46.0,سال‌هاي قبل,0.0,پتروشيمي اروند,https://codal.ir/Reports/Decision.aspx?LetterSerial=6gXaaPDOkSnyuEcPhyTOOObOOOpg%3d%3d&rt=0&let=6&ct=0&ft=-1&sheetId=1,
15.0,سود(زيان) خالص عمليات در حال تداوم,68754207.0,پتروشيمي اروند,https://codal.ir/Reports/Decision.aspx?LetterSerial=6gXaaPDOkSnyuEcPhyTOOObOOOpg%3d%3d&rt=0&let=6&ct=0&ft=-1&sheetId=1,
51.0,عمليات متوقف شده:,,پتروشيمي اروند,https://codal.ir/Reports/Decision.aspx?LetterSerial=6gXaaPDOkSnyuEcPhyTOOObOOOpg%3d%3d&rt=0&let=6&ct=0&ft=-1&sheetId=1,
21.0,سود (زيان) خالص عمليات متوقف شده,0.0,پتروشيمي اروند,https://codal.ir/Reports/Decision.aspx?LetterSerial=6gXaaPDOkSnyuEcPhyTOOObOOOpg%3d%3d&rt=0&let=6&ct=0&ft=-1&sheetId=1,
21.0,سود (زيان) خالص عمليات متوقف شده,5730.0,پتروشيمي اروند,https://codal.ir/Reports/Decision.aspx?LetterSerial=6gXaaPDOkSnyuEcPhyTOOObOOOpg%3d%3d&rt=0&let=6&ct=0&ft=-1&sheetId=1,
17.0,سود(زيان) خالص,68754207.0,پتروشيمي اروند,https://codal.ir/Reports/Decision.aspx?LetterSerial=6gXaaPDOkSnyuEcPhyTOOObOOOpg%3d%3d&rt=0&let=6&ct=0&ft=-1&sheetId=1,
18.0,سود(زيان) پايه هر سهم:,,پتروشيمي اروند,https://codal.ir/Reports/Decision.aspx?LetterSerial=6gXaaPDOkSnyuEcPhyTOOObOOOpg%3d%3d&rt=0&let=6&ct=0&ft=-1&sheetId=1,
19.0,عملياتي (ريال),4707.0,پتروشيمي اروند,https://codal.ir/Reports/Decision.aspx?LetterSerial=6gXaaPDOkSnyuEcPhyTOOObOOOpg%3d%3d&rt=0&let=6&ct=0&ft=-1&sheetId=1,
20.0,غيرعملياتي (ريال),1023.0,پتروشيمي اروند,https://codal.ir/Reports/Decision.aspx?LetterSerial=6gXaaPDOkSnyuEcPhyTOOObOOOpg%3d%3d&rt=0&let=6&ct=0&ft=-1&sheetId=1,
47.0,ناشي از عمليات در حال تداوم,5730.0,پتروشيمي اروند,https://codal.ir/Reports/Decision.aspx?LetterSerial=6gXaaPDOkSnyuEcPhyTOOObOOOpg%3d%3d&rt=0&let=6&ct=0&ft=-1&sheetId=1,
48.0,ناشي از عمليات متوقف شده,0.0,پتروشيمي اروند,https://codal.ir/Reports/Decision.aspx?LetterSerial=6gXaaPDOkSnyuEcPhyTOOObOOOpg%3d%3d&rt=0&let=6&ct=0&ft=-1&sheetId=1,
21.0,سود(زيان) پايه هر سهم,0.0,پتروشيمي اروند,https://codal.ir/Reports/Decision.aspx?LetterSerial=6gXaaPDOkSnyuEcPhyTOOObOOOpg%3d%3d&rt=0&let=6&ct=0&ft=-1&sheetId=1,
21.0,سود(زيان) پايه هر سهم,5730.0,پتروشيمي اروند,https://codal.ir/Reports/Decision.aspx?LetterSerial=6gXaaPDOkSnyuEcPhyTOOObOOOpg%3d%3d&rt=0&let=6&ct=0&ft=-1&sheetId=1,
41.0,سود (زيان) خالص هر سهم – ريال,5730.0,پتروشيمي اروند,https://codal.ir/Reports/Decision.aspx?LetterSerial=6gXaaPDOkSnyuEcPhyTOOObOOOpg%3d%3d&rt=0&let=6&ct=0&ft=-1&sheetId=1,
42.0,سرمايه,12000000.0,پتروشيمي اروند,https://codal.ir/Reports/Decision.aspx?LetterSerial=6gXaaPDOkSnyuEcPhyTOOObOOOpg%3d%3d&rt=0&let=6&ct=0&ft=-1&sheetId=1,
,دوره منتهی به,,سبدگردان اعتبار,https://codal.ir/Reports/Decision.aspx?LetterSerial=dOOObOOOOOObOOOkOOObOOOlOOObOOOc0pWcYvnEdNvGKA%3d%3d&rt=2&let=6&ct=6&ft=-1&sheetId=1,1404-07-10 00:00:00
,سود (زیان) خالص,,سبدگردان اعتبار,https://codal.ir/Reports/Decision.aspx?LetterSerial=dOOObOOOOOObOOOkOOObOOOlOOObOOOc0pWcYvnEdNvGKA%3d%3d&rt=2&let=6&ct=6&ft=-1&sheetId=1,
,درآمدهای عملیاتی,,سبدگردان اعتبار,https://codal.ir/Reports/Decision.aspx?LetterSerial=dOOObOOOOOObOOOkOOObOOOlOOObOOOc0pWcYvnEdNvGKA%3d%3d&rt=2&let=6&ct=6&ft=-1&sheetId=1,
,درآمد سود سهام,,سبدگردان اعتبار,https://codal.ir/Reports/Decision.aspx?LetterSerial=dOOObOOOOOObOOOkOOObOOOlOOObOOOc0pWcYvnEdNvGKA%3d%3d&rt=2&let=6&ct=6&ft=-1&sheetId=1,0.0
,درآمد سود تضمین شده,,سبدگردان اعتبار,https://codal.ir/Reports/Decision.aspx?LetterSerial=dOOObOOOOOObOOOkOOObOOOlOOObOOOc0pWcYvnEdNvGKA%3d%3d&rt=2&let=6&ct=6&ft=-1&sheetId=1,0.0
,سود (زیان) فروش سرمایه گذاری ها,,سبدگردان اعتبار,https://codal.ir/Reports/Decision.aspx?LetterSerial=dOOObOOOOOObOOOkOOObOOOlOOObOOOc0pWcYvnEdNvGKA%3d%3d&rt=2&let=6&ct=6&ft=-1&sheetId=1,279329.0
,سود (زیان) تغییر ارزش سرمایه گذاری در اوراق بهادار,,سبدگردان اعتبار,https://codal.ir/Reports/Decision.aspx?LetterSerial=dOOObOOOOOObOOOkOOObOOOlOOObOOOc0pWcYvnEdNvGKA%3d%3d&rt=2&let=6&ct=6&ft=-1&sheetId=1,0.0
,سایر درآمدهای عملیاتی,,سبدگردان اعتبار,https://codal.ir/Reports/Decision.aspx?LetterSerial=dOOObOOOOOObOOOkOOObOOOlOOObOOOc0pWcYvnEdNvGKA%3d%3d&rt=2&let=6&ct=6&ft=-1&sheetId=1,171113.0
,جمع درآمدهای عملیاتی,,سبدگردان اعتبار,https://codal.ir/Reports/Decision.aspx?LetterSerial=dOOObOOOOOObOOOkOOObOOOlOOObOOOc0pWcYvnEdNvGKA%3d%3d&rt=2&let=6&ct=6&ft=-1&sheetId=1,450442.0
,هزینه های عملیاتی,,سبدگردان اعتبار,https://codal.ir/Reports/Decision.aspx?LetterSerial=dOOObOOOOOObOOOkOOObOOOlOOObOOOc0pWcYvnEdNvGKA%3d%3d&rt=2&let=6&ct=6&ft=-1&sheetId=1,
,هزینه‌های فروش، اداری و عمومی,,سبدگردان اعتبار,https://codal.ir/Reports/Decision.aspx?LetterSerial=dOOObOOOOOObOOOkOOObOOOlOOObOOOc0pWcYvnEdNvGKA%3d%3d&rt=2&let=6&ct=6&ft=-1&sheetId=1,-45220.0
,سایر هزینه‌های عملیاتی,,سبدگردان اعتبار,https://codal.ir/Reports/Decision.aspx?LetterSerial=dOOObOOOOOObOOOkOOObOOOlOOObOOOc0pWcYvnEdNvGKA%3d%3d&rt=2&let=6&ct=6&ft=-1&sheetId=1,-189285.0
,جمع هزینه های عملیاتی,,سبدگردان اعتبار,https://codal.ir/Reports/Decision.aspx?LetterSerial=dOOObOOOOOObOOOkOOObOOOlOOObOOOc0pWcYvnEdNvGKA%3d%3d&rt=2&let=6&ct=6&ft=-1&sheetId=1,-234505.0
,سود (زیان) عملیاتی,,سبدگردان اعتبار,https://codal.ir/Reports/Decision.aspx?LetterSerial=dOOObOOOOOObOOOkOOObOOOlOOObOOOc0pWcYvnEdNvGKA%3d%3d&rt=2&let=6&ct=6&ft=-1&sheetId=1,215937.0
,هزینه‌های مالی,,سبدگردان اعتبار,https://codal.ir/Reports/Decision.aspx?LetterSerial=dOOObOOOOOObOOOkOOObOOOlOOObOOOc0pWcYvnEdNvGKA%3d%3d&rt=2&let=6&ct=6&ft=-1&sheetId=1,0.0
,سایر درآمدها و هزینه‌های غیرعملیاتی,,سبدگردان اعتبار,https://codal.ir/Reports/Decision.aspx?LetterSerial=dOOObOOOOOObOOOkOOObOOOlOOObOOOc0pWcYvnEdNvGKA%3d%3d&rt=2&let=6&ct=6&ft=-1&sheetId=1,0.0
,سود (زیان) عملیات در حال تداوم قبل از مالیات,,سبدگردان اعتبار,https://codal.ir/Reports/Decision.aspx?LetterSerial=dOOObOOOOOObOOOkOOObOOOlOOObOOOc0pWcYvnEdNvGKA%3d%3d&rt=2&let=6&ct=6&ft=-1&sheetId=1,215937.0
,مالیات بر درآمد,,سبدگردان اعتبار,https://codal.ir/Reports/Decision.aspx?LetterSerial=dOOObOOOOOObOOOkOOObOOOlOOObOOOc0pWcYvnEdNvGKA%3d%3d&rt=2&let=6&ct=6&ft=-1&sheetId=1,0.0
,سود (زیان) خالص عملیات در حال تداوم,,سبدگردان اعتبار,https://codal.ir/Reports/Decision.aspx?LetterSerial=dOOObOOOOOObOOOkOOObOOOlOOObOOOc0pWcYvnEdNvGKA%3d%3d&rt=2&let=6&ct=6&ft=-1&sheetId=1,215937.0
,سود (زیان) عملیات متوقف ‌شده پس از اثر مالیاتی,,سبدگردان اعتبار,https://codal.ir/Reports/Decision.aspx?LetterSerial=dOOObOOOOOObOOOkOOObOOOlOOObOOOc0pWcYvnEdNvGKA%3d%3d&rt=2&let=6&ct=6&ft=-1&sheetId=1,0.0
,سود (زیان) خالص,,سبدگردان اعتبار,https://codal.ir/Reports/Decision.aspx?LetterSerial=dOOObOOOOOObOOOkOOObOOOlOOObOOOc0pWcYvnEdNvGKA%3d%3d&rt=2&let=6&ct=6&ft=-1&sheetId=1,215937.0
,سود (زیان) پایه هر سهم,,سبدگردان اعتبار,https://codal.ir/Reports/Decision.aspx?LetterSerial=dOOObOOOOOObOOOkOOObOOOlOOObOOOc0pWcYvnEdNvGKA%3d%3d&rt=2&let=6&ct=6&ft=-1&sheetId=1,
,سود (زیان) پایه هر سهم ناشی از عملیات در حال تداوم- عملیاتی,,سبدگردان اعتبار,https://codal.ir/Reports/Decision.aspx?LetterSerial=dOOObOOOOOObOOOkOOObOOOlOOObOOOc0pWcYvnEdNvGKA%3d%3d&rt=2&let=6&ct=6&ft=-1&sheetId=1,0.0
,سود (زیان) پایه هر سهم ناشی از عملیات در حال تداوم- غیرعملیاتی,,سبدگردان اعتبار,https://codal.ir/Reports/Decision.aspx?LetterSerial=dOOObOOOOOObOOOkOOObOOOlOOObOOOc0pWcYvnEdNvGKA%3d%3d&rt=2&let=6&ct=6&ft=-1&sheetId=1,0.0
,سود (زیان) پایه هر سهم ناشی از عملیات متوقف ‌شده,,سبدگردان اعتبار,https://codal.ir/Reports/Decision.aspx?LetterSerial=dOOObOOOOOObOOOkOOObOOOlOOObOOOc0pWcYvnEdNvGKA%3d%3d&rt=2&let=6&ct=6&ft=-1&sheetId=1,0.0
,سود (زیان) پایه هر سهم,,سبدگردان اعتبار,https://codal.ir/Reports/Decision.aspx?LetterSerial=dOOObOOOOOObOOOkOOObOOOlOOObOOOc0pWcYvnEdNvGKA%3d%3d&rt=2&let=6&ct=6&ft=-1&sheetId=1,0.0
,سود (زیان) تقلیل یافته هر سهم,,سبدگردان اعتبار,https://codal.ir/Reports/Decision.aspx?LetterSerial=dOOObOOOOOObOOOkOOObOOOlOOObOOOc0pWcYvnEdNvGKA%3d%3d&rt=2&let=6&ct=6&ft=-1&sheetId=1,
,سود (زیان) تقلیل یافته هر سهم ناشی از عملیات در حال تداوم- عملیاتی,,سبدگردان اعتبار,https://codal.ir/Reports/Decision.aspx?LetterSerial=dOOObOOOOOObOOOkOOObOOOlOOObOOOc0pWcYvnEdNvGKA%3d%3d&rt=2&let=6&ct=6&ft=-1&sheetId=1,0.0
,سود (زیان) تقلیل یافته هر سهم ناشی از عملیات در حال تداوم- غیرعملیاتی,,سبدگردان اعتبار,https://codal.ir/Reports/Decision.aspx?LetterSerial=dOOObOOOOOObOOOkOOObOOOlOOObOOOc0pWcYvnEdNvGKA%3d%3d&rt=2&let=6&ct=6&ft=-1&sheetId=1,0.0
,سود (زیان) تقلیل یافته هر سهم ناشی از عملیات متوقف‌ شده,,سبدگردان اعتبار,https://codal.ir/Reports/Decision.aspx?LetterSerial=dOOObOOOOOObOOOkOOObOOOlOOObOOOc0pWcYvnEdNvGKA%3d%3d&rt=2&let=6&ct=6&ft=-1&sheetId=1,0.0
,سود (زیان) تقلیل یافته هر سهم,,سبدگردان اعتبار,https://codal.ir/Reports/Decision.aspx?LetterSerial=dOOObOOOOOObOOOkOOObOOOlOOObOOOc0pWcYvnEdNvGKA%3d%3d&rt=2&let=6&ct=6&ft=-1&sheetId=1,0.0
,گردش حساب سود (زیان) انباشته,,سبدگردان اعتبار,https://codal.ir/Reports/Decision.aspx?LetterSerial=dOOObOOOOOObOOOkOOObOOOlOOObOOOc0pWcYvnEdNvGKA%3d%3d&rt=2&let=6&ct=6&ft=-1&sheetId=1,
,سود (زیان) خالص,,سبدگردان اعتبار,https://codal.ir/Reports/Decision.aspx?LetterSerial=dOOObOOOOOObOOOkOOObOOOlOOObOOOc0pWcYvnEdNvGKA%3d%3d&rt=2&let=6&ct=6&ft=-1&sheetId=1,215937.0
,سود (زیان) انباشته ابتدای دوره,,سبدگردان اعتبار,https://codal.ir/Reports/Decision.aspx?LetterSerial=dOOObOOOOOObOOOkOOObOOOlOOObOOOc0pWcYvnEdNvGKA%3d%3d&rt=2&let=6&ct=6&ft=-1&sheetId=1,354335.0
,تعدیلات سنواتی,,سبدگردان اعتبار,https://codal.ir/Reports/Decision.aspx?LetterSerial=dOOObOOOOOObOOOkOOObOOOlOOObOOOc0pWcYvnEdNvGKA%3d%3d&rt=2&let=6&ct=6&ft=-1&sheetId=1,0.0
,سود (زیان) انباشته ابتدای دوره تعدیل‌شده,,سبدگردان اعتبار,https://codal.ir/Reports/Decision.aspx?LetterSerial=dOOObOOOOOObOOOkOOObOOOlOOObOOOc0pWcYvnEdNvGKA%3d%3d&rt=2&let=6&ct=6&ft=-1&sheetId=1,354335.0
,سود سهام‌ مصوب,,سبدگردان اعتبار,https://codal.ir/Reports/Decision.aspx?LetterSerial=dOOObOOOOOObOOOkOOObOOOlOOObOOOc0pWcYvnEdNvGKA%3d%3d&rt=2&let=6&ct=6&ft=-1&sheetId=1,-78000.0
,تغییرات سرمایه از محل سود (زیان) انباشته,,سبدگردان اعتبار,https://codal.ir/Reports/Decision.aspx?LetterSerial=dOOObOOOOOObOOOkOOObOOOlOOObOOOc0pWcYvnEdNvGKA%3d%3d&rt=2&let=6&ct=6&ft=-1&sheetId=1,-257040.0
,سود (زیان) انباشته ابتدای دوره تخصیص نیافته,,سبدگردان اعتبار,https://codal.ir/Reports/Decision.aspx?LetterSerial=dOOObOOOOOObOOOkOOObOOOlOOObOOOc0pWcYvnEdNvGKA%3d%3d&rt=2&let=6&ct=6&ft=-1&sheetId=1,19295.0
,انتقال از سایر اقلام حقوق صاحبان سهام,,سبدگردان اعتبار,https://codal.ir/Reports/Decision.aspx?LetterSerial=dOOObOOOOOObOOOkOOObOOOlOOObOOOc0pWcYvnEdNvGKA%3d%3d&rt=2&let=6&ct=6&ft=-1&sheetId=1,0.0
,سود قابل تخصیص,,سبدگردان اعتبار,https://codal.ir/Reports/Decision.aspx?LetterSerial=dOOObOOOOOObOOOkOOObOOOlOOObOOOc0pWcYvnEdNvGKA%3d%3d&rt=2&let=6&ct=6&ft=-1&sheetId=1,235232.0
,انتقال به اندوخته‌ قانوني‌,,سبدگردان اعتبار,https://codal.ir/Reports/Decision.aspx?LetterSerial=dOOObOOOOOObOOOkOOObOOOlOOObOOOc0pWcYvnEdNvGKA%3d%3d&rt=2&let=6&ct=6&ft=-1&sheetId=1,-10797.0
,انتقال به سایر اندوخته‌ها,,سبدگردان اعتبار,https://codal.ir/Reports/Decision.aspx?LetterSerial=dOOObOOOOOObOOOkOOObOOOlOOObOOOc0pWcYvnEdNvGKA%3d%3d&rt=2&let=6&ct=6&ft=-1&sheetId=1,0.0
,سود (زیان) انباشته‌ پايان‌ دوره,,سبدگردان اعتبار,https://codal.ir/Reports/Decision.aspx?LetterSerial=dOOObOOOOOObOOOkOOObOOOlOOObOOOc0pWcYvnEdNvGKA%3d%3d&rt=2&let=6&ct=6&ft=-1&sheetId=1,224435.0
,سود (زیان) خالص هر سهم- ریال,,سبدگردان اعتبار,https://codal.ir/Reports/Decision.aspx?LetterSerial=dOOObOOOOOObOOOkOOObOOOlOOObOOOc0pWcYvnEdNvGKA%3d%3d&rt=2&let=6&ct=6&ft=-1&sheetId=1,212.0
,سرمایه,,سبدگردان اعتبار,https://codal.ir/Reports/Decision.aspx?LetterSerial=dOOObOOOOOObOOOkOOObOOOlOOObOOOc0pWcYvnEdNvGKA%3d%3d&rt=2&let=6&ct=6&ft=-1&sheetId=1,1020000.0
49.0,عمليات در حال تداوم:,,معدني دماوند,https://codal.ir/Reports/Decision.aspx?LetterSerial=WEjXkUQQQaQQQKM2rCtpj0NVZCfw%3d%3d&rt=0&let=6&ct=0&ft=-1&sheetId=1,
3.0,درآمدهاي عملياتي,717248.0,معدني دماوند,https://codal.ir/Reports/Decision.aspx?LetterSerial=WEjXkUQQQaQQQKM2rCtpj0NVZCfw%3d%3d&rt=0&let=6&ct=0&ft=-1&sheetId=1,
4.0,بهاى تمام شده درآمدهاي عملياتي,-263057.0,معدني دماوند,https://codal.ir/Reports/Decision.aspx?LetterSerial=WEjXkUQQQaQQQKM2rCtpj0NVZCfw%3d%3d&rt=0&let=6&ct=0&ft=-1&sheetId=1,
5.0,سود(زيان) ناخالص,454191.0,معدني دماوند,https://codal.ir/Reports/Decision.aspx?LetterSerial=WEjXkUQQQaQQQKM2rCtpj0NVZCfw%3d%3d&rt=0&let=6&ct=0&ft=-1&sheetId=1,
6.0,هزينه‏ هاى فروش، ادارى و عمومى,-44772.0,معدني دماوند,https://codal.ir/Reports/Decision.aspx?LetterSerial=WEjXkUQQQaQQQKM2rCtpj0NVZCfw%3d%3d&rt=0&let=6&ct=0&ft=-1&sheetId=1,
44.0,هزينه کاهش ارزش دريافتني‏ ها (هزينه استثنايي),0.0,معدني دماوند,https://codal.ir/Reports/Decision.aspx?LetterSerial=WEjXkUQQQaQQQKM2rCtpj0NVZCfw%3d%3d&rt=0&let=6&ct=0&ft=-1&sheetId=1,
7.0,ساير درآمدها,0.0,معدني دماوند,https://codal.ir/Reports/Decision.aspx?LetterSerial=WEjXkUQQQaQQQKM2rCtpj0NVZCfw%3d%3d&rt=0&let=6&ct=0&ft=-1&sheetId=1,
8.0,ساير هزينه‌ها,-70675.0,معدني دماوند,https://codal.ir/Reports/Decision.aspx?LetterSerial=WEjXkUQQQaQQQKM2rCtpj0NVZCfw%3d%3d&rt=0&let=6&ct=0&ft=-1&sheetId=1,
9.0,سود(زيان) عملياتى,338744.0,معدني دماوند,https://codal.ir/Reports/Decision.aspx?LetterSerial=WEjXkUQQQaQQQKM2rCtpj0NVZCfw%3d%3d&rt=0&let=6&ct=0&ft=-1&sheetId=1,
10.0,هزينه‏ هاى مالى,-26235.0,معدني دماوند,https://codal.ir/Reports/Decision.aspx?LetterSerial=WEjXkUQQQaQQQKM2rCtpj0NVZCfw%3d%3d&rt=0&let=6&ct=0&ft=-1&sheetId=1,
52.0,ساير درآمدها و هزينه ‏هاى غيرعملياتى,468661.0,معدني دماوند,https://codal.ir/Reports/Decision.aspx?LetterSerial=WEjXkUQQQaQQQKM2rCtpj0NVZCfw%3d%3d&rt=0&let=6&ct=0&ft=-1&sheetId=1,
13.0,سود(زيان) عمليات در حال تداوم قبل از ماليات,781170.0,معدني دماوند,https://codal.ir/Reports/Decision.aspx?LetterSerial=WEjXkUQQQaQQQKM2rCtpj0NVZCfw%3d%3d&rt=0&let=6&ct=0&ft=-1&sheetId=1,
50.0,هزينه ماليات بر درآمد:,,معدني دماوند,https://codal.ir/Reports/Decision.aspx?LetterSerial=WEjXkUQQQaQQQKM2rCtpj0NVZCfw%3d%3d&rt=0&let=6&ct=0&ft=-1&sheetId=1,
45.0,سال جاري,-45983.0,معدني دماوند,https://codal.ir/Reports/Decision.aspx?LetterSerial=WEjXkUQQQaQQQKM2rCtpj0NVZCfw%3d%3d&rt=0&let=6&ct=0&ft=-1&sheetId=1,
46.0,سال‌هاي قبل,0.0,معدني دماوند,https://codal.ir/Reports/Decision.aspx?LetterSerial=WEjXkUQQQaQQQKM2rCtpj0NVZCfw%3d%3d&rt=0&let=6&ct=0&ft=-1&sheetId=1,
15.0,سود(زيان) خالص عمليات در حال تداوم,735187.0,معدني دماوند,https://codal.ir/Reports/Decision.aspx?LetterSerial=WEjXkUQQQaQQQKM2rCtpj0NVZCfw%3d%3d&rt=0&let=6&ct=0&ft=-1&sheetId=1,
51.0,عمليات متوقف شده:,,معدني دماوند,https://codal.ir/Reports/Decision.aspx?LetterSerial=WEjXkUQQQaQQQKM2rCtpj0NVZCfw%3d%3d&rt=0&let=6&ct=0&ft=-1&sheetId=1,
21.0,سود (زيان) خالص عمليات متوقف شده,0.0,معدني دماوند,https://codal.ir/Reports/Decision.aspx?LetterSerial=WEjXkUQQQaQQQKM2rCtpj0NVZCfw%3d%3d&rt=0&let=6&ct=0&ft=-1&sheetId=1,
21.0,سود (زيان) خالص عمليات متوقف شده,2952.0,معدني دماوند,https://codal.ir/Reports/Decision.aspx?LetterSerial=WEjXkUQQQaQQQKM2rCtpj0NVZCfw%3d%3d&rt=0&let=6&ct=0&ft=-1&sheetId=1,
17.0,سود(زيان) خالص,735187.0,معدني دماوند,https://codal.ir/Reports/Decision.aspx?LetterSerial=WEjXkUQQQaQQQKM2rCtpj0NVZCfw%3d%3d&rt=0&let=6&ct=0&ft=-1&sheetId=1,
18.0,سود(زيان) پايه هر سهم:,,معدني دماوند,https://codal.ir/Reports/Decision.aspx?LetterSerial=WEjXkUQQQaQQQKM2rCtpj0NVZCfw%3d%3d&rt=0&let=6&ct=0&ft=-1&sheetId=1,
19.0,عملياتي (ريال),1197.0,معدني دماوند,https://codal.ir/Reports/Decision.aspx?LetterSerial=WEjXkUQQQaQQQKM2rCtpj0NVZCfw%3d%3d&rt=0&let=6&ct=0&ft=-1&sheetId=1,
20.0,غيرعملياتي (ريال),1755.0,معدني دماوند,https://codal.ir/Reports/Decision.aspx?LetterSerial=WEjXkUQQQaQQQKM2rCtpj0NVZCfw%3d%3d&rt=0&let=6&ct=0&ft=-1&sheetId=1,
47.0,ناشي از عمليات در حال تداوم,2952.0,معدني دماوند,https://codal.ir/Reports/Decision.aspx?LetterSerial=WEjXkUQQQaQQQKM2rCtpj0NVZCfw%3d%3d&rt=0&let=6&ct=0&ft=-1&sheetId=1,
48.0,ناشي از عمليات متوقف شده,0.0,معدني دماوند,https://codal.ir/Reports/Decision.aspx?LetterSerial=WEjXkUQQQaQQQKM2rCtpj0NVZCfw%3d%3d&rt=0&let=6&ct=0&ft=-1&sheetId=1,
21.0,سود(زيان) پايه هر سهم,0.0,معدني دماوند,https://codal.ir/Reports/Decision.aspx?LetterSerial=WEjXkUQQQaQQQKM2rCtpj0NVZCfw%3d%3d&rt=0&let=6&ct=0&ft=-1&sheetId=1,
21.0,سود(زيان) پايه هر سهم,2952.0,معدني دماوند,https://codal.ir/Reports/Decision.aspx?LetterSerial=WEjXkUQQQaQQQKM2rCtpj0NVZCfw%3d%3d&rt=0&let=6&ct=0&ft=-1&sheetId=1,
41.0,سود (زيان) خالص هر سهم – ريال,2941.0,معدني دماوند,https://codal.ir/Reports/Decision.aspx?LetterSerial=WEjXkUQQQaQQQKM2rCtpj0NVZCfw%3d%3d&rt=0&let=6&ct=0&ft=-1&sheetId=1,
42.0,سرمايه,250000.0,معدني دماوند,https://codal.ir/Reports/Decision.aspx?LetterSerial=WEjXkUQQQaQQQKM2rCtpj0NVZCfw%3d%3d&rt=0&let=6&ct=0&ft=-1&sheetId=1,
3.0,دوره منتهي به,1404-05-31 00:00:00,طلاي زمرد بيدار,https://codal.ir/Reports/Decision.aspx?LetterSerial=k9HtEHSdfSE15LVUCO3bIA%3d%3d&rt=2&let=6&ct=5&ft=8&sheetId=1,
4.0,درآمدها,,طلاي زمرد بيدار,https://codal.ir/Reports/Decision.aspx?LetterSerial=k9HtEHSdfSE15LVUCO3bIA%3d%3d&rt=2&let=6&ct=5&ft=8&sheetId=1,
5.0,سود (زيان) فروش اوراق بهادار,61308.0,طلاي زمرد بيدار,https://codal.ir/Reports/Decision.aspx?LetterSerial=k9HtEHSdfSE15LVUCO3bIA%3d%3d&rt=2&let=6&ct=5&ft=8&sheetId=1,
6.0,سود (زيان) تحقق نيافته نگهداري اوراق بهادار,908697.0,طلاي زمرد بيدار,https://codal.ir/Reports/Decision.aspx?LetterSerial=k9HtEHSdfSE15LVUCO3bIA%3d%3d&rt=2&let=6&ct=5&ft=8&sheetId=1,
7.0,سود سهام,0.0,طلاي زمرد بيدار,https://codal.ir/Reports/Decision.aspx?LetterSerial=k9HtEHSdfSE15LVUCO3bIA%3d%3d&rt=2&let=6&ct=5&ft=8&sheetId=1,
8.0,سود اوراق بهادار با درآمد ثابت يا علي‌الحساب,6631.0,طلاي زمرد بيدار,https://codal.ir/Reports/Decision.aspx?LetterSerial=k9HtEHSdfSE15LVUCO3bIA%3d%3d&rt=2&let=6&ct=5&ft=8&sheetId=1,
9.0,ساير درآمدها,7274.0,طلاي زمرد بيدار,https://codal.ir/Reports/Decision.aspx?LetterSerial=k9HtEHSdfSE15LVUCO3bIA%3d%3d&rt=2&let=6&ct=5&ft=8&sheetId=1,
10.0,جمع درآمدها,983910.0,طلاي زمرد بيدار,https://codal.ir/Reports/Decision.aspx?LetterSerial=k9HtEHSdfSE15LVUCO3bIA%3d%3d&rt=2&let=6&ct=5&ft=8&sheetId=1,
11.0,هزينه‌ها,,طلاي زمرد بيدار,https://codal.ir/Reports/Decision.aspx?LetterSerial=k9HtEHSdfSE15LVUCO3bIA%3d%3d&rt=2&let=6&ct=5&ft=8&sheetId=1,
12.0,هزينه کارمزد ارکان,-37901.0,طلاي زمرد بيدار,https://codal.ir/Reports/Decision.aspx?LetterSerial=k9HtEHSdfSE15LVUCO3bIA%3d%3d&rt=2&let=6&ct=5&ft=8&sheetId=1,
13.0,ساير هزينه‌ها,-16085.0,طلاي زمرد بيدار,https://codal.ir/Reports/Decision.aspx?LetterSerial=k9HtEHSdfSE15LVUCO3bIA%3d%3d&rt=2&let=6&ct=5&ft=8&sheetId=1,
14.0,جمع هزينه ها,-53986.0,طلاي زمرد بيدار,https://codal.ir/Reports/Decision.aspx?LetterSerial=k9HtEHSdfSE15LVUCO3bIA%3d%3d&rt=2&let=6&ct=5&ft=8&sheetId=1,
15.0,سود (زيان) قبل از هزينه‌هاي مالي,929924.0,طلاي زمرد بيدار,https://codal.ir/Reports/Decision.aspx?LetterSerial=k9HtEHSdfSE15LVUCO3bIA%3d%3d&rt=2&let=6&ct=5&ft=8&sheetId=1,
16.0,هزينه‌هاي مالي,0.0,طلاي زمرد بيدار,https://codal.ir/Reports/Decision.aspx?LetterSerial=k9HtEHSdfSE15LVUCO3bIA%3d%3d&rt=2&let=6&ct=5&ft=8&sheetId=1,
17.0,سود (زيان) خالص,929924.0,طلاي زمرد بيدار,https://codal.ir/Reports/Decision.aspx?LetterSerial=k9HtEHSdfSE15LVUCO3bIA%3d%3d&rt=2&let=6&ct=5&ft=8&sheetId=1,
3.0,دوره منتهي به,1404-05-31 00:00:00,نيلي دماوند,https://codal.ir/Reports/Decision.aspx?LetterSerial=9CFkOf1IINJaUQc6DOOObOOOVs8A%3d%3d&rt=2&let=6&ct=5&ft=2&sheetId=1,
4.0,درآمدها,,نيلي دماوند,https://codal.ir/Reports/Decision.aspx?LetterSerial=9CFkOf1IINJaUQc6DOOObOOOVs8A%3d%3d&rt=2&let=6&ct=5&ft=2&sheetId=1,
5.0,سود (زيان) فروش اوراق بهادار,932251.0,نيلي دماوند,https://codal.ir/Reports/Decision.aspx?LetterSerial=9CFkOf1IINJaUQc6DOOObOOOVs8A%3d%3d&rt=2&let=6&ct=5&ft=2&sheetId=1,
6.0,سود (زيان) تحقق نيافته نگهداري اوراق بهادار,523551.0,نيلي دماوند,https://codal.ir/Reports/Decision.aspx?LetterSerial=9CFkOf1IINJaUQc6DOOObOOOVs8A%3d%3d&rt=2&let=6&ct=5&ft=2&sheetId=1,
7.0,سود سهام,21875.0,نيلي دماوند,https://codal.ir/Reports/Decision.aspx?LetterSerial=9CFkOf1IINJaUQc6DOOObOOOVs8A%3d%3d&rt=2&let=6&ct=5&ft=2&sheetId=1,
8.0,سود اوراق بهادار با درآمد ثابت يا علي‌الحساب,16360570.0,نيلي دماوند,https://codal.ir/Reports/Decision.aspx?LetterSerial=9CFkOf1IINJaUQc6DOOObOOOVs8A%3d%3d&rt=2&let=6&ct=5&ft=2&sheetId=1,
9.0,ساير درآمدها,5804.0,نيلي دماوند,https://codal.ir/Reports/Decision.aspx?LetterSerial=9CFkOf1IINJaUQc6DOOObOOOVs8A%3d%3d&rt=2&let=6&ct=5&ft=2&sheetId=1,
10.0,جمع درآمدها,17844051.0,نيلي دماوند,https://codal.ir/Reports/Decision.aspx?LetterSerial=9CFkOf1IINJaUQc6DOOObOOOVs8A%3d%3d&rt=2&let=6&ct=5&ft=2&sheetId=1,
11.0,هزينه‌ها,,نيلي دماوند,https://codal.ir/Reports/Decision.aspx?LetterSerial=9CFkOf1IINJaUQc6DOOObOOOVs8A%3d%3d&rt=2&let=6&ct=5&ft=2&sheetId=1,
12.0,هزينه کارمزد ارکان,-410557.0,نيلي دماوند,https://codal.ir/Reports/Decision.aspx?LetterSerial=9CFkOf1IINJaUQc6DOOObOOOVs8A%3d%3d&rt=2&let=6&ct=5&ft=2&sheetId=1,
13.0,ساير هزينه‌ها,-23621.0,نيلي دماوند,https://codal.ir/Reports/Decision.aspx?LetterSerial=9CFkOf1IINJaUQc6DOOObOOOVs8A%3d%3d&rt=2&let=6&ct=5&ft=2&sheetId=1,
14.0,جمع هزينه ها,-434178.0,نيلي دماوند,https://codal.ir/Reports/Decision.aspx?LetterSerial=9CFkOf1IINJaUQc6DOOObOOOVs8A%3d%3d&rt=2&let=6&ct=5&ft=2&sheetId=1,
15.0,سود (زيان) قبل از هزينه‌هاي مالي,17409873.0,نيلي دماوند,https://codal.ir/Reports/Decision.aspx?LetterSerial=9CFkOf1IINJaUQc6DOOObOOOVs8A%3d%3d&rt=2&let=6&ct=5&ft=2&sheetId=1,
16.0,هزينه‌هاي مالي,-3117.0,نيلي دماوند,https://codal.ir/Reports/Decision.aspx?LetterSerial=9CFkOf1IINJaUQc6DOOObOOOVs8A%3d%3d&rt=2&let=6&ct=5&ft=2&sheetId=1,
17.0,سود (زيان) خالص,17406756.0,نيلي دماوند,https://codal.ir/Reports/Decision.aspx?LetterSerial=9CFkOf1IINJaUQc6DOOObOOOVs8A%3d%3d&rt=2&let=6&ct=5&ft=2&sheetId=1,
3.0,سود (زیان) خالص,,کارگزاري فارابي,https://codal.ir/Reports/Decision.aspx?LetterSerial=NwrrB5A4exC3eE6nvdz6vg%3d%3d&rt=2&let=6&ct=14&ft=-1&sheetId=1,
4.0,درآمدهای عملیاتی,,کارگزاري فارابي,https://codal.ir/Reports/Decision.aspx?LetterSerial=NwrrB5A4exC3eE6nvdz6vg%3d%3d&rt=2&let=6&ct=14&ft=-1&sheetId=1,
24.0,درآمد کارمزد و حق‌الزحمه,4134829.0,کارگزاري فارابي,https://codal.ir/Reports/Decision.aspx?LetterSerial=NwrrB5A4exC3eE6nvdz6vg%3d%3d&rt=2&let=6&ct=14&ft=-1&sheetId=1,
25.0,سود (زیان) سرمایه‌گذاری‌ها,0.0,کارگزاري فارابي,https://codal.ir/Reports/Decision.aspx?LetterSerial=NwrrB5A4exC3eE6nvdz6vg%3d%3d&rt=2&let=6&ct=14&ft=-1&sheetId=1,
26.0,جمع درآمدهای عملیاتی,4134829.0,کارگزاري فارابي,https://codal.ir/Reports/Decision.aspx?LetterSerial=NwrrB5A4exC3eE6nvdz6vg%3d%3d&rt=2&let=6&ct=14&ft=-1&sheetId=1,
27.0,هزینه‌های عملیاتی,,کارگزاري فارابي,https://codal.ir/Reports/Decision.aspx?LetterSerial=NwrrB5A4exC3eE6nvdz6vg%3d%3d&rt=2&let=6&ct=14&ft=-1&sheetId=1,
28.0,هزینه‌های حقوق و دستمزد و مزایا,0.0,کارگزاري فارابي,https://codal.ir/Reports/Decision.aspx?LetterSerial=NwrrB5A4exC3eE6nvdz6vg%3d%3d&rt=2&let=6&ct=14&ft=-1&sheetId=1,
29.0,هزینه استهلاک,0.0,کارگزاري فارابي,https://codal.ir/Reports/Decision.aspx?LetterSerial=NwrrB5A4exC3eE6nvdz6vg%3d%3d&rt=2&let=6&ct=14&ft=-1&sheetId=1,
30.0,هزینه اجاره,0.0,کارگزاري فارابي,https://codal.ir/Reports/Decision.aspx?LetterSerial=NwrrB5A4exC3eE6nvdz6vg%3d%3d&rt=2&let=6&ct=14&ft=-1&sheetId=1,
31.0,سایر هزینه‌ها,-3772083.0,کارگزاري فارابي,https://codal.ir/Reports/Decision.aspx?LetterSerial=NwrrB5A4exC3eE6nvdz6vg%3d%3d&rt=2&let=6&ct=14&ft=-1&sheetId=1,
32.0,جمع هزینه‌های عملیاتی,-3772083.0,کارگزاري فارابي,https://codal.ir/Reports/Decision.aspx?LetterSerial=NwrrB5A4exC3eE6nvdz6vg%3d%3d&rt=2&let=6&ct=14&ft=-1&sheetId=1,
33.0,سود (زیان) عملیاتی,362746.0,کارگزاري فارابي,https://codal.ir/Reports/Decision.aspx?LetterSerial=NwrrB5A4exC3eE6nvdz6vg%3d%3d&rt=2&let=6&ct=14&ft=-1&sheetId=1,
7.0,هزینه‌های مالی,-4473490.0,کارگزاري فارابي,https://codal.ir/Reports/Decision.aspx?LetterSerial=NwrrB5A4exC3eE6nvdz6vg%3d%3d&rt=2&let=6&ct=14&ft=-1&sheetId=1,
34.0,درآمد مالی,4376541.0,کارگزاري فارابي,https://codal.ir/Reports/Decision.aspx?LetterSerial=NwrrB5A4exC3eE6nvdz6vg%3d%3d&rt=2&let=6&ct=14&ft=-1&sheetId=1,
8.0,سایر درآمدها و هزینه‏‌هاى غیرعملیاتى,453811.0,کارگزاري فارابي,https://codal.ir/Reports/Decision.aspx?LetterSerial=NwrrB5A4exC3eE6nvdz6vg%3d%3d&rt=2&let=6&ct=14&ft=-1&sheetId=1,
9.0,سود (زیان) قبل از مالیات,719608.0,کارگزاري فارابي,https://codal.ir/Reports/Decision.aspx?LetterSerial=NwrrB5A4exC3eE6nvdz6vg%3d%3d&rt=2&let=6&ct=14&ft=-1&sheetId=1,
35.0,هزینه مالیات بر درآمد,,کارگزاري فارابي,https://codal.ir/Reports/Decision.aspx?LetterSerial=NwrrB5A4exC3eE6nvdz6vg%3d%3d&rt=2&let=6&ct=14&ft=-1&sheetId=1,
10.0,سال جاری,0.0,کارگزاري فارابي,https://codal.ir/Reports/Decision.aspx?LetterSerial=NwrrB5A4exC3eE6nvdz6vg%3d%3d&rt=2&let=6&ct=14&ft=-1&sheetId=1,
36.0,سال‌های قبل,-189825.0,کارگزاري فارابي,https://codal.ir/Reports/Decision.aspx?LetterSerial=NwrrB5A4exC3eE6nvdz6vg%3d%3d&rt=2&let=6&ct=14&ft=-1&sheetId=1,
11.0,سود (زیان) خالص,529783.0,کارگزاري فارابي,https://codal.ir/Reports/Decision.aspx?LetterSerial=NwrrB5A4exC3eE6nvdz6vg%3d%3d&rt=2&let=6&ct=14&ft=-1&sheetId=1,
3.0,عملیات در حال تداوم:,,کشت و صنعت و دامپروري پگاه فارس,https://codal.ir/Reports/Decision.aspx?LetterSerial=OOObOOO0gvwLhzQQQaQQQ40i5AeKGGaFmg%3d%3d&rt=8&let=6&ct=0&ft=-1&sheetId=1,
4.0,ارزش منصفانه تولیدات کشاورزی,5275203.0,کشت و صنعت و دامپروري پگاه فارس,https://codal.ir/Reports/Decision.aspx?LetterSerial=OOObOOO0gvwLhzQQQaQQQ40i5AeKGGaFmg%3d%3d&rt=8&let=6&ct=0&ft=-1&sheetId=1,
5.0,خالص افزایش (کاهش) ارزش منصفانه دارایی های زیستی غیر مولد,179134.0,کشت و صنعت و دامپروري پگاه فارس,https://codal.ir/Reports/Decision.aspx?LetterSerial=OOObOOO0gvwLhzQQQaQQQ40i5AeKGGaFmg%3d%3d&rt=8&let=6&ct=0&ft=-1&sheetId=1,
6.0,مجموع,5454337.0,کشت و صنعت و دامپروري پگاه فارس,https://codal.ir/Reports/Decision.aspx?LetterSerial=OOObOOO0gvwLhzQQQaQQQ40i5AeKGGaFmg%3d%3d&rt=8&let=6&ct=0&ft=-1&sheetId=1,
7.0,خالص فروش تولیدات کشاورزی و دارایی های زیستی غیر مولد,5699345.0,کشت و صنعت و دامپروري پگاه فارس,https://codal.ir/Reports/Decision.aspx?LetterSerial=OOObOOO0gvwLhzQQQaQQQ40i5AeKGGaFmg%3d%3d&rt=8&let=6&ct=0&ft=-1&sheetId=1,
8.0,بهای تمام شده انتسابی,-5388640.0,کشت و صنعت و دامپروري پگاه فارس,https://codal.ir/Reports/Decision.aspx?LetterSerial=OOObOOO0gvwLhzQQQaQQQ40i5AeKGGaFmg%3d%3d&rt=8&let=6&ct=0&ft=-1&sheetId=1,
9.0,مجموع,310705.0,کشت و صنعت و دامپروري پگاه فارس,https://codal.ir/Reports/Decision.aspx?LetterSerial=OOObOOO0gvwLhzQQQaQQQ40i5AeKGGaFmg%3d%3d&rt=8&let=6&ct=0&ft=-1&sheetId=1,
10.0,درآمدهای عملیاتی,5765042.0,کشت و صنعت و دامپروري پگاه فارس,https://codal.ir/Reports/Decision.aspx?LetterSerial=OOObOOO0gvwLhzQQQaQQQ40i5AeKGGaFmg%3d%3d&rt=8&let=6&ct=0&ft=-1&sheetId=1,
11.0,هزینه های تولید,-4357558.0,کشت و صنعت و دامپروري پگاه فارس,https://codal.ir/Reports/Decision.aspx?LetterSerial=OOObOOO0gvwLhzQQQaQQQ40i5AeKGGaFmg%3d%3d&rt=8&let=6&ct=0&ft=-1&sheetId=1,
12.0,هزینه های فروش، اداری و عمومی,-253447.0,کشت و صنعت و دامپروري پگاه فارس,https://codal.ir/Reports/Decision.aspx?LetterSerial=OOObOOO0gvwLhzQQQaQQQ40i5AeKGGaFmg%3d%3d&rt=8&let=6&ct=0&ft=-1&sheetId=1,
13.0,ساير درآمدهاى عملياتى,389.0,کشت و صنعت و دامپروري پگاه فارس,https://codal.ir/Reports/Decision.aspx?LetterSerial=OOObOOO0gvwLhzQQQaQQQ40i5AeKGGaFmg%3d%3d&rt=8&let=6&ct=0&ft=-1&sheetId=1,
14.0,ساير هزينه ‏هاى عملياتى,-59199.0,کشت و صنعت و دامپروري پگاه فارس,https://codal.ir/Reports/Decision.aspx?LetterSerial=OOObOOO0gvwLhzQQQaQQQ40i5AeKGGaFmg%3d%3d&rt=8&let=6&ct=0&ft=-1&sheetId=1,
15.0,سود (زیان) عملیاتی,1095227.0,کشت و صنعت و دامپروري پگاه فارس,https://codal.ir/Reports/Decision.aspx?LetterSerial=OOObOOO0gvwLhzQQQaQQQ40i5AeKGGaFmg%3d%3d&rt=8&let=6&ct=0&ft=-1&sheetId=1,
16.0,سود (زیان) فروش دارایی زیستی مولد,317145.0,کشت و صنعت و دامپروري پگاه فارس,https://codal.ir/Reports/Decision.aspx?LetterSerial=OOObOOO0gvwLhzQQQaQQQ40i5AeKGGaFmg%3d%3d&rt=8&let=6&ct=0&ft=-1&sheetId=1,
17.0,ساير درآمدها و هزينه ‏هاى غیرعملياتى - درآمد سرمایه گذاری ها,0.0,کشت و صنعت و دامپروري پگاه فارس,https://codal.ir/Reports/Decision.aspx?LetterSerial=OOObOOO0gvwLhzQQQaQQQ40i5AeKGGaFmg%3d%3d&rt=8&let=6&ct=0&ft=-1&sheetId=1,
18.0,ساير درآمدها و هزينه‏ هاى غیرعملياتى - اقلام متفرقه,6821.0,کشت و صنعت و دامپروري پگاه فارس,https://codal.ir/Reports/Decision.aspx?LetterSerial=OOObOOO0gvwLhzQQQaQQQ40i5AeKGGaFmg%3d%3d&rt=8&let=6&ct=0&ft=-1&sheetId=1,
19.0,هزینه های مالی,-104852.0,کشت و صنعت و دامپروري پگاه فارس,https://codal.ir/Reports/Decision.aspx?LetterSerial=OOObOOO0gvwLhzQQQaQQQ40i5AeKGGaFmg%3d%3d&rt=8&let=6&ct=0&ft=-1&sheetId=1,
20.0,مجموع,219114.0,کشت و صنعت و دامپروري پگاه فارس,https://codal.ir/Reports/Decision.aspx?LetterSerial=OOObOOO0gvwLhzQQQaQQQ40i5AeKGGaFmg%3d%3d&rt=8&let=6&ct=0&ft=-1&sheetId=1,
21.0,سود (زیان) عملیات در حال تداوم قبل از مالیات,1314341.0,کشت و صنعت و دامپروري پگاه فارس,https://codal.ir/Reports/Decision.aspx?LetterSerial=OOObOOO0gvwLhzQQQaQQQ40i5AeKGGaFmg%3d%3d&rt=8&let=6&ct=0&ft=-1&sheetId=1,
22.0,هزینه مالیات بر درآمد:,,کشت و صنعت و دامپروري پگاه فارس,https://codal.ir/Reports/Decision.aspx?LetterSerial=OOObOOO0gvwLhzQQQaQQQ40i5AeKGGaFmg%3d%3d&rt=8&let=6&ct=0&ft=-1&sheetId=1,
23.0,سال جاری,-643.0,کشت و صنعت و دامپروري پگاه فارس,https://codal.ir/Reports/Decision.aspx?LetterSerial=OOObOOO0gvwLhzQQQaQQQ40i5AeKGGaFmg%3d%3d&rt=8&let=6&ct=0&ft=-1&sheetId=1,
24.0,سال‌های قبل,0.0,کشت و صنعت و دامپروري پگاه فارس,https://codal.ir/Reports/Decision.aspx?LetterSerial=OOObOOO0gvwLhzQQQaQQQ40i5AeKGGaFmg%3d%3d&rt=8&let=6&ct=0&ft=-1&sheetId=1,
25.0,سود (زیان) خالص عملیات در حال تداوم,1313698.0,کشت و صنعت و دامپروري پگاه فارس,https://codal.ir/Reports/Decision.aspx?LetterSerial=OOObOOO0gvwLhzQQQaQQQ40i5AeKGGaFmg%3d%3d&rt=8&let=6&ct=0&ft=-1&sheetId=1,
26.0,عملیات متوقف شده:,,کشت و صنعت و دامپروري پگاه فارس,https://codal.ir/Reports/Decision.aspx?LetterSerial=OOObOOO0gvwLhzQQQaQQQ40i5AeKGGaFmg%3d%3d&rt=8&let=6&ct=0&ft=-1&sheetId=1,
27.0,سود (زیان) خالص عملیات متوقف شده,0.0,کشت و صنعت و دامپروري پگاه فارس,https://codal.ir/Reports/Decision.aspx?LetterSerial=OOObOOO0gvwLhzQQQaQQQ40i5AeKGGaFmg%3d%3d&rt=8&let=6&ct=0&ft=-1&sheetId=1,
28.0,سود (زیان) خالص,1313698.0,کشت و صنعت و دامپروري پگاه فارس,https://codal.ir/Reports/Decision.aspx?LetterSerial=OOObOOO0gvwLhzQQQaQQQ40i5AeKGGaFmg%3d%3d&rt=8&let=6&ct=0&ft=-1&sheetId=1,
29.0,سود (زیان) پایه هر سهم:,,کشت و صنعت و دامپروري پگاه فارس,https://codal.ir/Reports/Decision.aspx?LetterSerial=OOObOOO0gvwLhzQQQaQQQ40i5AeKGGaFmg%3d%3d&rt=8&let=6&ct=0&ft=-1&sheetId=1,
30.0,عملیاتی (ریال),751.0,کشت و صنعت و دامپروري پگاه فارس,https://codal.ir/Reports/Decision.aspx?LetterSerial=OOObOOO0gvwLhzQQQaQQQ40i5AeKGGaFmg%3d%3d&rt=8&let=6&ct=0&ft=-1&sheetId=1,
31.0,غیرعملیاتی (ریال),162.0,کشت و صنعت و دامپروري پگاه فارس,https://codal.ir/Reports/Decision.aspx?LetterSerial=OOObOOO0gvwLhzQQQaQQQ40i5AeKGGaFmg%3d%3d&rt=8&let=6&ct=0&ft=-1&sheetId=1,
32.0,ناشی از عملیات در حال تداوم,913.0,کشت و صنعت و دامپروري پگاه فارس,https://codal.ir/Reports/Decision.aspx?LetterSerial=OOObOOO0gvwLhzQQQaQQQ40i5AeKGGaFmg%3d%3d&rt=8&let=6&ct=0&ft=-1&sheetId=1,
33.0,ناشی از عملیات متوقف شده,0.0,کشت و صنعت و دامپروري پگاه فارس,https://codal.ir/Reports/Decision.aspx?LetterSerial=OOObOOO0gvwLhzQQQaQQQ40i5AeKGGaFmg%3d%3d&rt=8&let=6&ct=0&ft=-1&sheetId=1,
34.0,سود (زیان) پایه هر سهم,913.0,کشت و صنعت و دامپروري پگاه فارس,https://codal.ir/Reports/Decision.aspx?LetterSerial=OOObOOO0gvwLhzQQQaQQQ40i5AeKGGaFmg%3d%3d&rt=8&let=6&ct=0&ft=-1&sheetId=1,
35.0,سود (زیان) خالص هر سهم– ریال,913.0,کشت و صنعت و دامپروري پگاه فارس,https://codal.ir/Reports/Decision.aspx?LetterSerial=OOObOOO0gvwLhzQQQaQQQ40i5AeKGGaFmg%3d%3d&rt=8&let=6&ct=0&ft=-1&sheetId=1,
36.0,سرمایه,1438710.0,کشت و صنعت و دامپروري پگاه فارس,https://codal.ir/Reports/Decision.aspx?LetterSerial=OOObOOO0gvwLhzQQQaQQQ40i5AeKGGaFmg%3d%3d&rt=8&let=6&ct=0&ft=-1&sheetId=1,
